﻿[
  {
    "MapName": "Chernarus",
    "X": 5942.9521,
    "Y": 306.57819,
    "Z": 7969.6646
  },
  {
    "MapName": "Chernarus",
    "X": 5966.3438,
    "Y": 303.97147,
    "Z": 7910.1836
  },
  {
    "MapName": "Chernarus",
    "X": 6005.106,
    "Y": 301.47064,
    "Z": 7858.7217
  },
  {
    "MapName": "Chernarus",
    "X": 6063.9185,
    "Y": 300.99533,
    "Z": 7766.4937
  },
  {
    "MapName": "Chernarus",
    "X": 5948.9673,
    "Y": 312.12595,
    "Z": 7594.7354
  },
  {
    "MapName": "Chernarus",
    "X": 6245.7021,
    "Y": 297.9776,
    "Z": 7640.8501
  },
  {
    "MapName": "Chernarus",
    "X": 6301.1729,
    "Y": 293.68991,
    "Z": 7572.0127
  },
  {
    "MapName": "Chernarus",
    "X": 6219.6372,
    "Y": 300.98218,
    "Z": 7770.5044
  },
  {
    "MapName": "Chernarus",
    "X": 6480.9531,
    "Y": 287.49475,
    "Z": 7406.2686
  },
  {
    "MapName": "Chernarus",
    "X": 6468.1577,
    "Y": 316.82751,
    "Z": 7873.3916
  },
  {
    "MapName": "Chernarus",
    "X": 7009.499,
    "Y": 293.95801,
    "Z": 7742.4004
  },
  {
    "MapName": "Chernarus",
    "X": 7111.752,
    "Y": 296.16748,
    "Z": 7789.8516
  },
  {
    "MapName": "Chernarus",
    "X": 7079.6729,
    "Y": 303.18381,
    "Z": 7891.4355
  },
  {
    "MapName": "Chernarus",
    "X": 6978.7559,
    "Y": 268.57422,
    "Z": 7364.1304
  },
  {
    "MapName": "Chernarus",
    "X": 7130.4653,
    "Y": 279.89542,
    "Z": 7493.7852
  },
  {
    "MapName": "Chernarus",
    "X": 7149.8467,
    "Y": 293.99985,
    "Z": 7664.8755
  },
  {
    "MapName": "Chernarus",
    "X": 7152.5195,
    "Y": 293.98822,
    "Z": 7703.6382
  },
  {
    "MapName": "Chernarus",
    "X": 7260.7871,
    "Y": 294.09964,
    "Z": 7678.2422
  },
  {
    "MapName": "Chernarus",
    "X": 8100.458,
    "Y": 446.76208,
    "Z": 7851.9736
  },
  {
    "MapName": "Chernarus",
    "X": 8193.0088,
    "Y": 445.92276,
    "Z": 7743.5928
  }
]