﻿[
	{
		"Name": "USMC_InfSquad",
		"Description": "USMC Infantry Squad",
		"Units": [
			{ "AnvilName": "USMC_Soldier_SL" },
			{ "AnvilName": "USMC_Soldier_TL" },
			{ "AnvilName": "USMC_Soldier_AR" },
			{ "AnvilName": "USMC_Soldier_LAT" },
			{ "AnvilName": "USMC_Soldier" },
			{ "AnvilName": "USMC_Soldier_TL" },
			{ "AnvilName": "USMC_Soldier_AR" },
			{ "AnvilName": "USMC_Soldier_LAT" },
			{ "AnvilName": "USMC_Soldier" },
			{ "AnvilName": "USMC_Soldier_TL" },
			{ "AnvilName": "USMC_Soldier_AR" },
			{ "AnvilName": "USMC_Soldier_LAT" },
			{ "AnvilName": "USMC_Soldier" }
		]
	},
	{
		"Name": "USMC_FireTeam",
		"Description": "USMC Fire Team",
		"Units": [
			{ "AnvilName": "USMC_Soldier_TL" },
			{ "AnvilName": "USMC_Soldier_AR" },
			{ "AnvilName": "USMC_Soldier_LAT" },
			{ "AnvilName": "USMC_Soldier" }
		]
	},
	{
		"Name": "USMC_FireTeam_MG",
		"Description": "USMC Machine Gun Fire Team",
		"Units": [
			{ "AnvilName": "USMC_Soldier_TL" },
			{ "AnvilName": "USMC_Soldier_MG" },
			{ "AnvilName": "USMC_Soldier_AR" },
			{ "AnvilName": "USMC_Soldier_LAT" }
		]
	},
	{
		"Name": "USMC_FireTeam_AT",
		"Description": "USMC Anti Tank Team",
		"Units": [
			{ "AnvilName": "USMC_Soldier_TL" },
			{ "AnvilName": "USMC_Soldier_AR" },
			{ "AnvilName": "USMC_Soldier_AT" },
			{ "AnvilName": "USMC_Soldier_LAT" }
		]
	},
	{
		"Name": "USMC_FireTeam_Support",
		"Description": "USMC Support Team",
		"Units": [
			{ "AnvilName": "USMC_Soldier_TL" },
			{ "AnvilName": "USMC_Soldier_AR" },
			{ "AnvilName": "USMC_Soldier_LAT" },
			{ "AnvilName": "USMC_Soldier_Medic" }
		]
	},
	{
		"Name": "USMC_HeavyATTeam",
		"Description": "USMC Heavy Anti-Tank Team",
		"Units": [
			{ "AnvilName": "USMC_Soldier_HAT" },
			{ "AnvilName": "USMC_Soldier_AT" },
			{ "AnvilName": "USMC_Soldier_LAT" }
		]
	},
	{
		"Name": "USMC_SniperTeam",
		"Description": "USMC Sniper Team",
		"Units": [
			{ "AnvilName": "USMC_SoldierS_Sniper" },
			{ "AnvilName": "USMC_SoldierS_Spotter" }
		]
	},
	{
		"Name": "USMC_FRTeam",
		"Description": "USMC Force Recon Team",
		"Units": [
			{ "AnvilName": "FR_TL" },
			{ "AnvilName": "FR_AR" },
			{ "AnvilName": "FR_GL" },
			{ "AnvilName": "FR_Marksman" },
			{ "AnvilName": "FR_R" },
			{ "AnvilName": "FR_Corpsman" }
		]
	},
	{
		"Name": "USMCMotInfSection_AT",
		"Description": "USMC Motorised Anti-Tank Section",
		"Units": [
			{ "AnvilName": "USMC_Soldier_TL" },
			{ "AnvilName": "HMMWV_TOW" },
			{ "AnvilName": "HMMWV_TOW" },
			{ "AnvilName": "USMC_Soldier_AR" }
		]
	},
	{
		"Name": "USMC_MotInfSection",
		"Description": "USMC Motorised Anti-Tank Section",
		"Units": [
			{ "AnvilName": "USMC_Soldier_TL" },
			{ "AnvilName": "HMMWV_M2" },
			{ "AnvilName": "HMMWV_MK19" },
			{ "AnvilName": "USMC_Soldier_AR" },
			{ "AnvilName": "USMC_Soldier_AT" },
			{ "AnvilName": "USMC_Soldier_AR" },
			{ "AnvilName": "USMC_Soldier_LAT" },
			{ "AnvilName": "USMC_Soldier" }
		]
	},
	{
		"Name": "USMC_TankPlatoon",
		"Description": "USMC Tank Platoon",
		"Units": [
			{ "AnvilName": "M1A2_TUSK_MG" },
			{ "AnvilName": "M1A2_TUSK_MG" },
			{ "AnvilName": "M1A2_TUSK_MG" },
			{ "AnvilName": "M1A2_TUSK_MG" }
		]
	},
	{
		"Name": "USMC_AH1ZSquadron",
		"Description": "USMC AH1Z Squadron",
		"Units": [
			{ "AnvilName": "AH1Z" },
			{ "AnvilName": "AH1Z" }
		]
	},
	{
		"Name": "USMC_UH1YSquadron",
		"Description": "USMC UH1Y Squadron",
		"Units": [
			{ "AnvilName": "UH1Y" },
			{ "AnvilName": "UH1Y" }
		]
	},
	{
		"Name": "USMC_MV22Squadron",
		"Description": "USMC MV22 Squadron",
		"Units": [
			{ "AnvilName": "MV22" },
			{ "AnvilName": "MV22" }
		]
	},
	{
		"Name": "USMC_MQ9Squadron",
		"Description": "USMC MQ9 Squadron",
		"Units": [
			{ "AnvilName": "MQ9PredatorB" }
		]
	},
	{
		"Name": "USMC_F35Squadron",
		"Description": "USMC F35 Squadron",
		"Units": [
			{ "AnvilName": "F35B" },
			{ "AnvilName": "F35B" }
		]
	},
	{
		"Name": "USMC_AV8BFighterSquadron",
		"Description": "USMC AV8B Fighter Squadron",
		"Units": [
			{ "AnvilName": "AV8B2" },
			{ "AnvilName": "AV8B2" }
		]
	},
	{
		"Name": "USMC_AV8BBomberSquadron",
		"Description": "USMC AV8B Bomber Squadron",
		"Units": [
			{ "AnvilName": "AV8B" },
			{ "AnvilName": "AV8B" }
		]
	}
]