﻿[
	{
		"ArmaName": "USMC_Soldier_SL",
		"AnvilName": "USMC_Soldier_SL",
		"Side": "WEST",
		"Rank": "LIEUTENANT",
		"Skill": "0.5",
		"Position": "0,5,0",
		"Player": "Playable",
		"Addons": []
	},
	{
		"ArmaName": "USMC_Soldier_TL",
		"AnvilName": "USMC_Soldier_TL",
		"Side": "WEST",
		"Rank": "SERGEANT",
		"Skill": "0.5",
		"Position": "3,0,0",
		"Player": "Playable",
		"Addons": []
	},
	{
		"ArmaName": "USMC_Soldier_AR",
		"AnvilName": "USMC_Soldier_AR",
		"Side": "WEST",
		"Rank": "CORPORAL",
		"Skill": "0.5",
		"Position": "5,0,0",
		"Player": "Playable",
		"Addons": []
	},
	{
		"ArmaName": "USMC_Soldier_LAT",
		"AnvilName": "USMC_Soldier_LAT",
		"Side": "WEST",
		"Rank": "CORPORAL",
		"Skill": "0.5",
		"Position": "7,0,0",
		"Player": "Playable",
		"Addons": []
	},
	{
		"ArmaName": "USMC_Soldier",
		"AnvilName": "USMC_Soldier",
		"Side": "WEST",
		"Rank": "PRIVATE",
		"Skill": "0.5",
		"Position": "7,0,0",
		"Player": "Playable",
		"Addons": []
	},
	{
		"ArmaName": "USMC_Soldier_MG",
		"AnvilName": "USMC_Soldier_MG",
		"Side": "WEST",
		"Rank": "CORPORAL",
		"Skill": "0.5",
		"Position": "3,0,0",
		"Player": "Playable",
		"Addons": []
	},
	{
		"ArmaName": "USMC_Soldier_AT",
		"AnvilName": "USMC_Soldier_AT",
		"Side": "WEST",
		"Rank": "CORPORAL",
		"Skill": "0.5",
		"Position": "5,0,0",
		"Player": "Playable",
		"Addons": []
	},
	{
		"ArmaName": "USMC_Soldier_Medic",
		"AnvilName": "USMC_Soldier_Medic",
		"Side": "WEST",
		"Rank": "CORPORAL",
		"Skill": "0.5",
		"Position": "7,0,0",
		"Player": "Playable",
		"Addons": []
	},
	{
		"ArmaName": "USMC_Soldier_HAT",
		"AnvilName": "USMC_Soldier_HAT",
		"Side": "WEST",
		"Rank": "SERGEANT",
		"Skill": "0.5",
		"Position": "7,0,0",
		"Player": "Playable",
		"Addons": []
	},
	{
		"ArmaName": "USMC_SoldierS_Sniper",
		"AnvilName": "USMC_SoldierS_Sniper",
		"Side": "WEST",
		"Rank": "SERGEANT",
		"Skill": "0.5",
		"Position": "0,5,0",
		"Player": "Playable",
		"Addons": []
	},
	{
		"ArmaName": "USMC_SoldierS_Spotter",
		"AnvilName": "USMC_SoldierS_Spotter",
		"Side": "WEST",
		"Rank": "SERGEANT",
		"Skill": "0.5",
		"Position": "3,0,0",
		"Player": "Playable",
		"Addons": []
	},
	{
		"ArmaName": "FR_TL",
		"AnvilName": "FR_TL",
		"Side": "WEST",
		"Rank": "LIEUTENANT",
		"Skill": "0.5",
		"Position": "0,5,0",
		"Player": "Playable",
		"Addons": []
	},
	{
		"ArmaName": "FR_AR",
		"AnvilName": "FR_AR",
		"Side": "WEST",
		"Rank": "SERGEANT",
		"Skill": "0.5",
		"Position": "3,0,0",
		"Player": "Playable",
		"Addons": []
	},
	{
		"ArmaName": "FR_GL",
		"AnvilName": "FR_GL",
		"Side": "WEST",
		"Rank": "SERGEANT",
		"Skill": "0.5",
		"Position": "5,0,0",
		"Player": "Playable",
		"Addons": []
	},
	{
		"ArmaName": "FR_Marksman",
		"AnvilName": "FR_Marksman",
		"Side": "WEST",
		"Rank": "SERGEANT",
		"Skill": "0.5",
		"Position": "7,0,0",
		"Player": "Playable",
		"Addons": []
	},
	{
		"ArmaName": "FR_R",
		"AnvilName": "FR_R",
		"Side": "WEST",
		"Rank": "SERGEANT",
		"Skill": "0.5",
		"Position": "9,0,0",
		"Player": "Playable",
		"Addons": []
	},
	{
		"ArmaName": "FR_Corpsman",
		"AnvilName": "FR_Corpsman",
		"Side": "WEST",
		"Rank": "SERGEANT",
		"Skill": "0.5",
		"Position": "11,0,0",
		"Player": "Playable",
		"Addons": []
	},
	{
		"ArmaName": "HMMWV_TOW",
		"AnvilName": "HMMWV_TOW",
		"Side": "WEST",
		"Rank": "SERGEANT",
		"Skill": "0.5",
		"Position": "-5,0,0",
		"Player": "Playable",
		"Addons": []
	},
	{
		"ArmaName": "HMMWV_M2",
		"AnvilName": "HMMWV_M2",
		"Side": "WEST",
		"Rank": "SERGEANT",
		"Skill": "0.5",
		"Position": "-5,0,0",
		"Player": "Playable",
		"Addons": []
	},
	{
		"ArmaName": "HMMWV_MK19",
		"AnvilName": "HMMWV_MK19",
		"Side": "WEST",
		"Rank": "SERGEANT",
		"Skill": "0.5",
		"Position": "-5,0,0",
		"Player": "Playable",
		"Addons": []
	},
	{
		"ArmaName": "M1A2_TUSK_MG",
		"AnvilName": "M1A2_TUSK_MG",
		"Side": "WEST",
		"Rank": "CAPTAIN",
		"Skill": "0.5",
		"Position": "0,10,0",
		"Player": "Playable",
		"Addons": []
	},
	{
		"ArmaName": "AH1Z",
		"AnvilName": "AH1Z",
		"Side": "WEST",
		"Rank": "CAPTAIN",
		"Skill": "0.5",
		"Position": "0,10,0",
		"Player": "Playable",
		"Addons": []
	},
	{
		"ArmaName": "UH1Y",
		"AnvilName": "UH1Y",
		"Side": "WEST",
		"Rank": "CAPTAIN",
		"Skill": "0.5",
		"Position": "0,10,0",
		"Player": "Playable",
		"Addons": []
	},
	{
		"ArmaName": "MV22",
		"AnvilName": "MV22",
		"Side": "WEST",
		"Rank": "CAPTAIN",
		"Skill": "0.5",
		"Position": "0,10,0",
		"Player": "Playable",
		"Addons": []
	},
	{
		"ArmaName": "MQ9PredatorB",
		"AnvilName": "MQ9PredatorB",
		"Side": "WEST",
		"Rank": "CAPTAIN",
		"Skill": "0.5",
		"Position": "0,10,0",
		"Player": "Playable",
		"Addons": []
	},
	{
		"ArmaName": "F35B",
		"AnvilName": "F35B",
		"Side": "WEST",
		"Rank": "CAPTAIN",
		"Skill": "0.5",
		"Position": "0,10,0",
		"Player": "Playable",
		"Addons": []
	},
	{
		"ArmaName": "AV8B",
		"AnvilName": "AV8B",
		"Side": "WEST",
		"Rank": "CAPTAIN",
		"Skill": "0.5",
		"Position": "0,10,0",
		"Player": "Playable",
		"Addons": []
	},
	{
		"ArmaName": "AV8B2",
		"AnvilName": "AV8B2",
		"Side": "WEST",
		"Rank": "CAPTAIN",
		"Skill": "0.5",
		"Position": "0,10,0",
		"Player": "Playable",
		"Addons": []
	}
]