﻿[
	{
		"Name": "USMC_InfSquad",
		"Description": "USMC Infantry Squad",
		"Units": [
			{ "AnvilName": "USMC_Soldier_SL" },
			{ "AnvilName": "USMC_Soldier_TL" },
			{ "AnvilName": "USMC_Soldier_AR" },
			{ "AnvilName": "USMC_Soldier_LAT" },
			{ "AnvilName": "USMC_Soldier" },
			{ "AnvilName": "USMC_Soldier_TL" },
			{ "AnvilName": "USMC_Soldier_AR" },
			{ "AnvilName": "USMC_Soldier_LAT" },
			{ "AnvilName": "USMC_Soldier" },
			{ "AnvilName": "USMC_Soldier_TL" },
			{ "AnvilName": "USMC_Soldier_AR" },
			{ "AnvilName": "USMC_Soldier_LAT" },
			{ "AnvilName": "USMC_Soldier" }
		]
	},
	{
		"Name": "USMC_FireTeam",
		"Description": "USMC Fire Team",
		"Units": [
			{ "AnvilName": "USMC_Soldier_TL" },
			{ "AnvilName": "USMC_Soldier_AR" },
			{ "AnvilName": "USMC_Soldier_LAT" },
			{ "AnvilName": "USMC_Soldier" }
		]
	},
	{
		"Name": "USMC_FireTeam_MG",
		"Description": "USMC Machine Gun Fire Team",
		"Units": [
			{ "AnvilName": "USMC_Soldier_TL" },
			{ "AnvilName": "USMC_Soldier_MG" },
			{ "AnvilName": "USMC_Soldier_AR" },
			{ "AnvilName": "USMC_Soldier_LAT" }
		]
	},
	{
		"Name": "USMC_FireTeam_AT",
		"Description": "USMC Anti Tank Team",
		"Units": [
			{ "AnvilName": "USMC_Soldier_TL" },
			{ "AnvilName": "USMC_Soldier_AR" },
			{ "AnvilName": "USMC_Soldier_AT" },
			{ "AnvilName": "USMC_Soldier_LAT" }
		]
	},
	{
		"Name": "USMC_FireTeam_Support",
		"Description": "USMC Support Team",
		"Units": [
			{ "AnvilName": "USMC_Soldier_TL" },
			{ "AnvilName": "USMC_Soldier_AR" },
			{ "AnvilName": "USMC_Soldier_LAT" },
			{ "AnvilName": "USMC_Soldier_Medic" }
		]
	},
	{
		"Name": "USMC_HeavyATTeam",
		"Description": "USMC Heavy Anti-Tank Team",
		"Units": [
			{ "AnvilName": "USMC_Soldier_HAT" },
			{ "AnvilName": "USMC_Soldier_AT" },
			{ "AnvilName": "USMC_Soldier_LAT" }
		]
	},
	{
		"Name": "USMC_SniperTeam",
		"Description": "USMC Sniper Team",
		"Units": [
			{ "AnvilName": "USMC_SoldierS_Sniper" },
			{ "AnvilName": "USMC_SoldierS_Spotter" }
		]
	},
	{
		"Name": "USMC_FRTeam",
		"Description": "USMC Force Recon Team",
		"Units": [
			{ "AnvilName": "FR_TL" },
			{ "AnvilName": "FR_AR" },
			{ "AnvilName": "FR_GL" },
			{ "AnvilName": "FR_Marksman" },
			{ "AnvilName": "FR_R" },
			{ "AnvilName": "FR_Corpsman" }
		]
	},
	{
		"Name": "USMC_MotInfSection_AT",
		"Description": "USMC Motorised Anti-Tank Section",
		"Units": [
			{ "AnvilName": "USMC_Soldier_TL" },
			{ "AnvilName": "HMMWV_TOW" },
			{ "AnvilName": "HMMWV_TOW" },
			{ "AnvilName": "USMC_Soldier_AR" }
		]
	},
	{
		"Name": "USMC_MotInfSection",
		"Description": "USMC Motorised Anti-Tank Section",
		"Units": [
			{ "AnvilName": "USMC_Soldier_TL" },
			{ "AnvilName": "HMMWV_M2" },
			{ "AnvilName": "HMMWV_MK19" },
			{ "AnvilName": "USMC_Soldier_AR" },
			{ "AnvilName": "USMC_Soldier_AT" },
			{ "AnvilName": "USMC_Soldier_AR" },
			{ "AnvilName": "USMC_Soldier_LAT" },
			{ "AnvilName": "USMC_Soldier" }
		]
	},
	{
		"Name": "USMC_TankPlatoon",
		"Description": "USMC Tank Platoon",
		"Units": [
			{ "AnvilName": "M1A2_TUSK_MG" },
			{ "AnvilName": "M1A2_TUSK_MG" },
			{ "AnvilName": "M1A2_TUSK_MG" },
			{ "AnvilName": "M1A2_TUSK_MG" }
		]
	},
	{
		"Name": "USMC_AH1ZSquadron",
		"Description": "USMC AH1Z Squadron",
		"Units": [
			{ "AnvilName": "AH1Z" },
			{ "AnvilName": "AH1Z" }
		]
	},
	{
		"Name": "USMC_UH1YSquadron",
		"Description": "USMC UH1Y Squadron",
		"Units": [
			{ "AnvilName": "UH1Y" },
			{ "AnvilName": "UH1Y" }
		]
	},
	{
		"Name": "USMC_MV22Squadron",
		"Description": "USMC MV22 Squadron",
		"Units": [
			{ "AnvilName": "MV22" },
			{ "AnvilName": "MV22" }
		]
	},
	{
		"Name": "USMC_MQ9Squadron",
		"Description": "USMC MQ9 Squadron",
		"Units": [
			{ "AnvilName": "MQ9PredatorB" }
		]
	},
	{
		"Name": "USMC_F35Squadron",
		"Description": "USMC F35 Squadron",
		"Units": [
			{ "AnvilName": "F35B" },
			{ "AnvilName": "F35B" }
		]
	},
	{
		"Name": "USMC_AV8BFighterSquadron",
		"Description": "USMC AV8B Fighter Squadron",
		"Units": [
			{ "AnvilName": "AV8B2" },
			{ "AnvilName": "AV8B2" }
		]
	},
	{
		"Name": "USMC_AV8BBomberSquadron",
		"Description": "USMC AV8B Bomber Squadron",
		"Units": [
			{ "AnvilName": "AV8B" },
			{ "AnvilName": "AV8B" }
		]
	},
  {
    "Units": [
      {
        "AnvilName": "RU_Soldier_SL",
        "Init": null
      },
      {
        "AnvilName": "RU_Soldier_MG",
        "Init": null
      },
      {
        "AnvilName": "RU_Soldier_AT",
        "Init": null
      },
      {
        "AnvilName": "RU_Soldier_LAT",
        "Init": null
      },
      {
        "AnvilName": "RU_Soldier_GL",
        "Init": null
      },
      {
        "AnvilName": "RU_Soldier_Marksman",
        "Init": null
      },
      {
        "AnvilName": "RU_Soldier_MG",
        "Init": null
      },
      {
        "AnvilName": "RU_Soldier_AT",
        "Init": null
      },
      {
        "AnvilName": "RU_Soldier_AR",
        "Init": null
      },
      {
        "AnvilName": "RU_Soldier_LAT",
        "Init": null
      },
      {
        "AnvilName": "RU_Soldier_GL",
        "Init": null
      },
      {
        "AnvilName": "RU_Soldier",
        "Init": null
      }
    ],
    "Name": "RU_InfSquad",
    "Description": "Russian Infantry Squad",
    "Position": null
  },
  {
    "Units": [
      {
        "AnvilName": "RU_Soldier_TL",
        "Init": null
      },
      {
        "AnvilName": "RU_Soldier_AR",
        "Init": null
      },
      {
        "AnvilName": "RU_Soldier_AT",
        "Init": null
      },
      {
        "AnvilName": "RU_Soldier_GL",
        "Init": null
      },
      {
        "AnvilName": "RU_Soldier",
        "Init": null
      }
    ],
    "Name": "RU_InfSection",
    "Description": "Russian Infantry Section",
    "Position": null
  },
  {
    "Units": [
      {
        "AnvilName": "RU_Soldier_HAT",
        "Init": null
      },
      {
        "AnvilName": "RU_Soldier_HAT",
        "Init": null
      },
      {
        "AnvilName": "RU_Soldier_AT",
        "Init": null
      },
      {
        "AnvilName": "RU_Soldier_AT",
        "Init": null
      },
      {
        "AnvilName": "RU_Soldier",
        "Init": null
      }
    ],
    "Name": "RU_InfSection_AT",
    "Description": "Russian Anti-Tank Section",
    "Position": null
  },
  {
    "Units": [
      {
        "AnvilName": "RU_Soldier_AA",
        "Init": null
      },
      {
        "AnvilName": "RU_Soldier_AA",
        "Init": null
      },
      {
        "AnvilName": "RU_Soldier_AA",
        "Init": null
      }
    ],
    "Name": "RU_InfSection_AA",
    "Description": "Russian Anti-Aircraft Infantry Section",
    "Position": null
  },
  {
    "Units": [
      {
        "AnvilName": "RU_Soldier_TL",
        "Init": null
      },
      {
        "AnvilName": "RU_Soldier_MG",
        "Init": null
      },
      {
        "AnvilName": "RU_Soldier_MG",
        "Init": null
      },
      {
        "AnvilName": "RU_Soldier_GL",
        "Init": null
      },
      {
        "AnvilName": "RU_Soldier_AT",
        "Init": null
      }
    ],
    "Name": "RU_InfSection_MG",
    "Description": "Russian Machine Gun Infantry Section",
    "Position": null
  },
  {
    "Units": [
      {
        "AnvilName": "RU_Soldier_Sniper",
        "Init": null
      },
      {
        "AnvilName": "RU_Soldier_Spotter",
        "Init": null
      }
    ],
    "Name": "RU_SniperTeam",
    "Description": "Russian Sniper Team",
    "Position": null
  },
  {
    "Units": [
      {
        "AnvilName": "RUS_Soldier_TL",
        "Init": null
      },
      {
        "AnvilName": "RUS_Soldier_GL",
        "Init": null
      },
      {
        "AnvilName": "RUS_Soldier_Marksman",
        "Init": null
      },
      {
        "AnvilName": "RUS_Soldier3",
        "Init": null
      },
      {
        "AnvilName": "RUS_Soldier1",
        "Init": null
      },
      {
        "AnvilName": "RUS_Soldier2",
        "Init": null
      }
    ],
    "Name": "RUS_ReconTeam",
    "Description": "Russian Recon Team",
    "Position": null
  },
  {
    "Units": [
      {
        "AnvilName": "MVD_Soldier_TL",
        "Init": null
      },
      {
        "AnvilName": "MVD_Soldier_MG",
        "Init": null
      },
      {
        "AnvilName": "MVD_Soldier_AT",
        "Init": null
      },
      {
        "AnvilName": "MVD_Soldier_GL",
        "Init": null
      },
      {
        "AnvilName": "MVD_Soldier_Sniper",
        "Init": null
      },
      {
        "AnvilName": "MVD_Soldier_Marksman",
        "Init": null
      },
      {
        "AnvilName": "MVD_Soldier_GL",
        "Init": null
      }
    ],
    "Name": "MVD_AssaultTeam",
    "Description": "MVD Assault Team",
    "Position": null
  },
    {
    "Units": [
      {
        "AnvilName": "RU_Soldier_SL",
        "Init": null
      },
      {
        "AnvilName": "KAMAZ",
        "Init": null
      },
      {
        "AnvilName": "MVD_Soldier_MG",
        "Init": null
      },
      {
        "AnvilName": "RU_Soldier_AT",
        "Init": null
      },
      {
        "AnvilName": "RU_Soldier_LAT",
        "Init": null
      },
      {
        "AnvilName": "RU_Soldier_GL",
        "Init": null
      },
      {
        "AnvilName": "RU_Soldier_Marksman",
        "Init": null
      },
      {
        "AnvilName": "RU_Soldier_MG",
        "Init": null
      },
      {
        "AnvilName": "RU_Soldier_LAT",
        "Init": null
      },
      {
        "AnvilName": "RU_Soldier_AR",
        "Init": null
      },
      {
        "AnvilName": "RU_Soldier_AT",
        "Init": null
      },
      {
        "AnvilName": "RU_Soldier_GL",
        "Init": null
      },
      {
        "AnvilName": "RU_Soldier",
        "Init": null
      }
    ],
    "Name": "RU_MotInfSquad",
    "Description": "Russian Motorised Infantry Squad",
    "Position": null
  },
  {
    "Units": [
      {
        "AnvilName": "RU_Soldier_TL",
        "Init": null
      },
      {
        "AnvilName": "GAZ_Vodnik",
        "Init": null
      },
      {
        "AnvilName": "GAZ_Vodnik_HMG",
        "Init": null
      },
      {
        "AnvilName": "RU_Soldier_MG",
        "Init": null
      },
      {
        "AnvilName": "RU_Soldier_AT",
        "Init": null
      },
      {
        "AnvilName": "RU_Soldier_GL",
        "Init": null
      },
      {
        "AnvilName": "RU_Soldier_Marksman",
        "Init": null
      },
      {
        "AnvilName": "RU_Soldier_MG",
        "Init": null
      },
      {
        "AnvilName": "RU_Soldier_AR",
        "Init": null
      },
      {
        "AnvilName": "RU_Soldier_LAT",
        "Init": null
      },
      {
        "AnvilName": "RU_Soldier",
        "Init": null
      },
      {
        "AnvilName": "RU_Soldier",
        "Init": null
      },
      {
        "AnvilName": "RU_Soldier",
        "Init": null
      }
    ],
    "Name": "RU_MotInfSection_Recon",
    "Description": "Russian Motorised Infantry Recon Section",
    "Position": null
  },
  {
    "Units": [
      {
        "AnvilName": "RU_Soldier_TL",
        "Init": null
      },
      {
        "AnvilName": "GAZ_Vodnik_HMG",
        "Init": null
      },
      {
        "AnvilName": "RU_Soldier_AR",
        "Init": null
      },
      {
        "AnvilName": "RU_Soldier_AT",
        "Init": null
      }
    ],
    "Name": "RU_MotInfSection_Patrol",
    "Description": "Russian Motorised Infantry Section Patrol",
    "Position": null
  },
  {
    "Units": [
      {
        "AnvilName": "RU_Soldier_SL",
        "Init": null
      },
      {
        "AnvilName": "BMP3",
        "Init": null
      },
      {
        "AnvilName": "RU_Soldier_MG",
        "Init": null
      },
      {
        "AnvilName": "RU_Soldier_AT",
        "Init": null
      },
      {
        "AnvilName": "RU_Soldier_LAT",
        "Init": null
      },
      {
        "AnvilName": "RU_Soldier_GL",
        "Init": null
      }
    ],
    "Name": "RU_MechInfSquad_1",
    "Description": "Russian Mechanised Infatry Squad 1",
    "Position": null
  },
  {
    "Units": [
      {
        "AnvilName": "RU_Soldier_SL",
        "Init": null
      },
      {
        "AnvilName": "BTR90",
        "Init": null
      },
      {
        "AnvilName": "RU_Soldier_MG",
        "Init": null
      },
      {
        "AnvilName": "RU_Soldier_MG",
        "Init": null
      },
      {
        "AnvilName": "RU_Soldier_AT",
        "Init": null
      },
      {
        "AnvilName": "RU_Soldier_LAT",
        "Init": null
      },
      {
        "AnvilName": "RU_Soldier_GL",
        "Init": null
      }
    ],
    "Name": "RU_MechInfSquad_2",
    "Description": "Russian Mechanised Infantry Squad 2",
    "Position": null
  },
  {
    "Units": [
      {
        "AnvilName": "RU_Soldier_SL",
        "Init": null
      },
      {
        "AnvilName": "ACE_BTR70_RU",
        "Init": null
      },
      {
        "AnvilName": "RU_Soldier_MG",
        "Init": null
      },
      {
        "AnvilName": "RU_Soldier_MG",
        "Init": null
      },
      {
        "AnvilName": "RU_Soldier_AT",
        "Init": null
      },
      {
        "AnvilName": "RU_Soldier_LAT",
        "Init": null
      },
      {
        "AnvilName": "RU_Soldier_GL",
        "Init": null
      },
      {
        "AnvilName": "RU_Soldier_Marksman",
        "Init": null
      },
      {
        "AnvilName": "RU_Soldier",
        "Init": null
      }
    ],
    "Name": "ACE_RU_Mechanized_Squad_BTR70",
    "Description": "ACE Mechanised Squad BTR70",
    "Position": null
  },
  {
    "Units": [
      {
        "AnvilName": "T90",
        "Init": null
      },
      {
        "AnvilName": "T90",
        "Init": null
      },
      {
        "AnvilName": "T90",
        "Init": null
      }
    ],
    "Name": "RU_TankPlatoon",
    "Description": "Russian Tank Platoon",
    "Position": null
  },
  {
    "Units": [
      {
        "AnvilName": "ACE_T90A",
        "Init": null
      },
      {
        "AnvilName": "ACE_T90A",
        "Init": null
      },
      {
        "AnvilName": "ACE_T90A",
        "Init": null
      }
    ],
    "Name": "ACE_RU_Tank_Platoon_T90A",
    "Description": "ACE Russian T90A Tank Platoon",
    "Position": null
  },
  {
    "Units": [
      {
        "AnvilName": "ACE_T72BA_Base",
        "Init": null
      },
      {
        "AnvilName": "ACE_T72BA_Base",
        "Init": null
      },
      {
        "AnvilName": "ACE_T72BA_Base",
        "Init": null
      }
    ],
    "Name": "Ace_RU_Tank_Platoon_T72BA",
    "Description": "Ace Russian T72BA Tank Platoon",
    "Position": null
  },
  {
    "Units": [
      {
        "AnvilName": "ACE_T72B_Base",
        "Init": null
      },
      {
        "AnvilName": "ACE_T72B_Base",
        "Init": null
      },
      {
        "AnvilName": "ACE_T72B_Base",
        "Init": null
      }
    ],
    "Name": "ACE_RU_Tank_Platoon_T72B",
    "Description": "Ace Russian T72B Tank Platoon",
    "Position": null
  },
  {
    "Units": [
      {
        "AnvilName": "Mi24_V",
        "Init": null
      },
      {
        "AnvilName": "Mi24_V",
        "Init": null
      }
    ],
    "Name": "RU_Mi24VSquadron",
    "Description": "Russian Mi24V Squadron",
    "Position": null
  },
  {
    "Units": [
      {
        "AnvilName": "Mi24_P",
        "Init": null
      },
      {
        "AnvilName": "Mi24_P",
        "Init": null
      }
    ],
    "Name": "RU_Mi24PSquadron",
    "Description": "Russian Mi24P Squardon",
    "Position": null
  },
  {
    "Units": [
      {
        "AnvilName": "Pchela1",
        "Init": null
      }
    ],
    "Name": "RU_Pchela1TSquadron",
    "Description": "Russian Pchela 1T Squadron",
    "Position": null
  },
  {
    "Units": [
      {
        "AnvilName": "Ka52",
        "Init": null
      }
    ],
    "Name": "RU_Ka52Squadron",
    "Description": "Russian Ka52 Squadron",
    "Position": null
  },
  {
    "Units": [
      {
        "AnvilName": "Mi17_rockets_RU",
        "Init": null
      },
      {
        "AnvilName": "Mi17_rockets_RU",
        "Init": null
      }
    ],
    "Name": "RU_Mi8Squadron",
    "Description": "Russian Mi8 Squadron",
    "Position": null
  },
  {
    "Units": [
      {
        "AnvilName": "Su34",
        "Init": null
      },
      {
        "AnvilName": "Su34",
        "Init": null
      }
    ],
    "Name": "RU_Su34FighterSquadron",
    "Description": "Russian Su34 Fighter Squadron",
    "Position": null
  },
  {
    "Units": [
      {
        "AnvilName": "ACE_SoldierE_HMG",
        "Init": null
      },
      {
        "AnvilName": "ACE_SoldierE_HMGAG",
        "Init": null
      },
      {
        "AnvilName": "ACE_SoldierE_HMGAB",
        "Init": null
      }
    ],
    "Name": "ACE_RU_KordTeam",
    "Description": "Ace Russian Kord Team",
    "Position": null
  },
  {
    "Units": [
      {
        "AnvilName": "ACE_SoldierE_AGS",
        "Init": null
      },
      {
        "AnvilName": "ACE_SoldierE_AGSAG",
        "Init": null
      },
      {
        "AnvilName": "ACE_SoldierE_AGSAB",
        "Init": null
      }
    ],
    "Name": "ACE_RU_AGS30Team",
    "Description": "Ace Russian AGS30 Team",
    "Position": null
  },
  {
    "Units": [
      {
        "AnvilName": "ACE_SoldierE_KonkursG",
        "Init": null
      },
      {
        "AnvilName": "ACE_SoldierE_KonkursAG",
        "Init": null
      }
    ],
    "Name": "ACE_RU_KonkursTeam",
    "Description": "Ace Russian Konkurs Team",
    "Position": null
  },
  {
    "Units": [
      {
        "AnvilName": "INS_Soldier_CO",
        "Init": null
      },
      {
        "AnvilName": "INS_Soldier_AR",
        "Init": null
      },
      {
        "AnvilName": "INS_Soldier_GL",
        "Init": null
      },
      {
        "AnvilName": "INS_Soldier_AT",
        "Init": null
      },
      {
        "AnvilName": "INS_Soldier_2",
        "Init": null
      },
      {
        "AnvilName": "INS_Soldier_AR",
        "Init": null
      },
      {
        "AnvilName": "INS_Soldier_1",
        "Init": null
      },
      {
        "AnvilName": "INS_Soldier_2",
        "Init": null
      }
    ],
    "Name": "INS_InfSquad",
    "Description": "Insurgent Infantry Squad",
    "Position": null
  },
  {
    "Units": [
      {
        "AnvilName": "INS_Soldier_CO",
        "Init": null
      },
      {
        "AnvilName": "INS_Soldier_MG",
        "Init": null
      },
      {
        "AnvilName": "INS_Soldier_MG",
        "Init": null
      },
      {
        "AnvilName": "INS_Soldier_AT",
        "Init": null
      },
      {
        "AnvilName": "INS_Soldier_AT",
        "Init": null
      },
      {
        "AnvilName": "INS_Soldier_AR",
        "Init": null
      },
      {
        "AnvilName": "INS_Soldier_AR",
        "Init": null
      },
      {
        "AnvilName": "INS_Soldier_2",
        "Init": null
      }
    ],
    "Name": "INS_InfSquad_Weapons",
    "Description": "Insurgent Infantry Weapons Squad",
    "Position": null
  },
  {
    "Units": [
      {
        "AnvilName": "INS_Soldier_AT",
        "Init": null
      },
      {
        "AnvilName": "INS_Soldier_AT",
        "Init": null
      },
      {
        "AnvilName": "INS_Soldier_1",
        "Init": null
      }
    ],
    "Name": "INS_InfSection_AT",
    "Description": "Insurgent Infantry Anti-tank Section",
    "Position": null
  },
  {
    "Units": [
      {
        "AnvilName": "Ins_Soldier_AA",
        "Init": null
      },
      {
        "AnvilName": "Ins_Soldier_AA",
        "Init": null
      },
      {
        "AnvilName": "Ins_Soldier_AA",
        "Init": null
      }
    ],
    "Name": "INS_InfSection_AA",
    "Description": "Insurgent Anti-Air Infantry Section",
    "Position": null
  },
  {
    "Units": [
      {
        "AnvilName": "Ins_Soldier_Sniper",
        "Init": null
      },
      {
        "AnvilName": "Ins_Soldier_Sniper",
        "Init": null
      },
      {
        "AnvilName": "INS_Soldier_1",
        "Init": null
      }
    ],
    "Name": "INS_SniperTeam",
    "Description": "Insurgent Sniper Team",
    "Position": null
  },
  {
    "Units": [
      {
        "AnvilName": "Ins_Worker2",
        "Init": null
      },
      {
        "AnvilName": "Ins_Woodlander3",
        "Init": null
      },
      {
        "AnvilName": "Ins_Villager3",
        "Init": null
      },
      {
        "AnvilName": "Ins_Woodlander2",
        "Init": null
      },
      {
        "AnvilName": "Ins_Woodlander1",
        "Init": null
      },
      {
        "AnvilName": "Ins_Villager4",
        "Init": null
      }
    ],
    "Name": "INS_MilitiaSquad",
    "Description": "Insurgent Militia Squad",
    "Position": null
  },
  {
    "Units": [
      {
        "AnvilName": "INS_Soldier_CO",
        "Init": null
      },
      {
        "AnvilName": "UralOpen_INS",
        "Init": null
      },
      {
        "AnvilName": "INS_Soldier_MG",
        "Init": null
      },
      {
        "AnvilName": "INS_Soldier_AT",
        "Init": null
      },
      {
        "AnvilName": "INS_Soldier_AR",
        "Init": null
      },
      {
        "AnvilName": "INS_Soldier_2",
        "Init": null
      },
      {
        "AnvilName": "INS_Soldier_GL",
        "Init": null
      },
      {
        "AnvilName": "INS_Soldier_1",
        "Init": null
      },
      {
        "AnvilName": "INS_Soldier_MG",
        "Init": null
      },
      {
        "AnvilName": "INS_Soldier_AT",
        "Init": null
      },
      {
        "AnvilName": "INS_Soldier_1",
        "Init": null
      },
      {
        "AnvilName": "INS_Soldier_1",
        "Init": null
      },
      {
        "AnvilName": "INS_Soldier_2",
        "Init": null
      }
    ],
    "Name": "INS_MotInfSquad",
    "Description": "Insurgent Motorised Infantry Squad",
    "Position": null
  },
  {
    "Units": [
      {
        "AnvilName": "INS_Soldier_GL",
        "Init": null
      },
      {
        "AnvilName": "Offroad_DSHKM_INS",
        "Init": null
      },
      {
        "AnvilName": "UAZ_SPG9_INS",
        "Init": null
      },
      {
        "AnvilName": "Pickup_PK_INS",
        "Init": null
      },
      {
        "AnvilName": "INS_Soldier_1",
        "Init": null
      },
      {
        "AnvilName": "INS_Soldier_MG",
        "Init": null
      },
      {
        "AnvilName": "INS_Soldier_GL",
        "Init": null
      }
    ],
    "Name": "INS_MotInfSection",
    "Description": "Insurgent Motorised Infantry Section",
    "Position": null
  },
  {
    "Units": [
      {
        "AnvilName": "INS_Soldier_CO",
        "Init": null
      },
      {
        "AnvilName": "BMP2_INS",
        "Init": null
      },
      {
        "AnvilName": "INS_Soldier_MG",
        "Init": null
      },
      {
        "AnvilName": "INS_Soldier_AT",
        "Init": null
      },
      {
        "AnvilName": "INS_Soldier_2",
        "Init": null
      },
      {
        "AnvilName": "INS_Soldier_GL",
        "Init": null
      },
      {
        "AnvilName": "INS_Soldier_1",
        "Init": null
      },
      {
        "AnvilName": "INS_Soldier_AR",
        "Init": null
      }
    ],
    "Name": "INS_MechInfSquad",
    "Description": "Insurgent Mechanised Infantry Squad",
    "Position": null
  },
  {
    "Units": [
      {
        "AnvilName": "INS_Soldier_CO",
        "Init": null
      },
      {
        "AnvilName": "BRDM2_INS",
        "Init": null
      },
      {
        "AnvilName": "BRDM2_INS",
        "Init": null
      },
      {
        "AnvilName": "INS_Soldier_MG",
        "Init": null
      },
      {
        "AnvilName": "INS_Soldier_AR",
        "Init": null
      },
      {
        "AnvilName": "INS_Soldier_GL",
        "Init": null
      },
      {
        "AnvilName": "INS_Soldier_1",
        "Init": null
      },
      {
        "AnvilName": "INS_Soldier_AT",
        "Init": null
      },
      {
        "AnvilName": "INS_Soldier_2",
        "Init": null
      }
    ],
    "Name": "INS_MechInfSection",
    "Description": "Insurgant Mechanised Infantry Section",
    "Position": null
  },
  {
    "Units": [
      {
        "AnvilName": "INS_Soldier_GL",
        "Init": null
      },
      {
        "AnvilName": "BRDM2_ATGM_INS",
        "Init": null
      },
      {
        "AnvilName": "BRDM2_ATGM_INS",
        "Init": null
      },
      {
        "AnvilName": "INS_Soldier_AT",
        "Init": null
      }
    ],
    "Name": "INS_MechInfSection_AT",
    "Description": "Insurgent Mechanised Infantry Anti-tank Section",
    "Position": null
  },
  {
    "Units": [
      {
        "AnvilName": "INS_Soldier_CO",
        "Init": null
      },
      {
        "AnvilName": "ACE_BTR70_INS",
        "Init": null
      },
      {
        "AnvilName": "INS_Soldier_MG",
        "Init": null
      },
      {
        "AnvilName": "INS_Soldier_AT",
        "Init": null
      },
      {
        "AnvilName": "INS_Soldier_2",
        "Init": null
      },
      {
        "AnvilName": "INS_Soldier_GL",
        "Init": null
      },
      {
        "AnvilName": "INS_Soldier_1",
        "Init": null
      },
      {
        "AnvilName": "INS_Soldier_AR",
        "Init": null
      }
    ],
    "Name": "ACE_INS_Mechanised_Squad_BTR70",
    "Description": "Ace Insurgent Mechanised BTR70 Squad",
    "Position": null
  },
  {
    "Units": [
      {
        "AnvilName": "T72_INS",
        "Init": null
      },
      {
        "AnvilName": "T72_INS",
        "Init": null
      }
    ],
    "Name": "INS_TankSection",
    "Description": "Insurgent Tank Section",
    "Position": null
  },
  {
    "Units": [
      {
        "AnvilName": "Mi17_Ins",
        "Init": null
      }
    ],
    "Name": "INS_Mi8Squadron",
    "Description": "Insurgent Mi8 Squadron",
    "Position": null
  }
]