﻿[
  { "MapName": "chernarus", "X": 5323.2227, "Y": 333.1257, "Z": 8596.9004, "SpawnType": 0 },
  { "MapName": "chernarus", "X": 3818.0801, "Y": 310.98999, "Z": 8863.1553, "SpawnType": 0 },
  { "MapName": "chernarus", "X": 4172.5376, "Y": 324.01001, "Z": 8940.1611, "SpawnType": 0 },
  { "MapName": "chernarus", "X": 5975.1792, "Y": 267.24216, "Z": 10317.879, "SpawnType": 0 },
  { "MapName": "chernarus", "X": 6889.0615, "Y": 394.23782, "Z": 11434.821, "SpawnType": 0 },
  { "MapName": "chernarus", "X": 5003.1807, "Y": 181.99991, "Z": 12502.564, "SpawnType": 0 },
  { "MapName": "chernarus", "X": 2698.5979, "Y": 273.9584, "Z": 9978.1475, "SpawnType": 0 },
  { "MapName": "chernarus", "X": 2517.8826, "Y": 254.43016, "Z": 9657.9004, "SpawnType": 0 },
  { "MapName": "chernarus", "X": 3085.3152, "Y": 298.98001, "Z": 7971.2969, "SpawnType": 0 },
  { "MapName": "chernarus", "X": 2527.0537, "Y": 301.07861, "Z": 6363.8306, "SpawnType": 0 },
  { "MapName": "chernarus", "X": 2719.8662, "Y": 208.98563, "Z": 5426.7407, "SpawnType": 0 },
  { "MapName": "chernarus", "X": 2741.7764, "Y": 205.21825, "Z": 5238.2266, "SpawnType": 0 },
  { "MapName": "chernarus", "X": 2615.7915, "Y": 193.99001, "Z": 5072.729, "SpawnType": 0 },
  { "MapName": "chernarus", "X": 3373.8933, "Y": 240.4352, "Z": 4923.6714, "SpawnType": 0 },
  { "MapName": "chernarus", "X": 1696.6323, "Y": 143.99219, "Z": 3842.7705, "SpawnType": 0 },
  { "MapName": "chernarus", "X": 1872.281, "Y": 6.1799998, "Z": 2235.9568, "SpawnType": 0 },
  { "MapName": "chernarus", "X": 3656.8442, "Y": 6.8983979, "Z": 2476.2478, "SpawnType": 0 },
  { "MapName": "chernarus", "X": 3627.0171, "Y": 6, "Z": 2198.866, "SpawnType": 0 },
  { "MapName": "chernarus", "X": 4501.5547, "Y": 5.996769, "Z": 2456.6921, "SpawnType": 0 },
  { "MapName": "chernarus", "X": 3314.9121, "Y": 185.98, "Z": 3938.9336, "SpawnType": 0 },
  { "MapName": "chernarus", "X": 4381.6162, "Y": 235.23206, "Z": 4680.7397, "SpawnType": 0 },
  { "MapName": "chernarus", "X": 6347.7905, "Y": 5.9899998, "Z": 2592.8228, "SpawnType": 0 },
  { "MapName": "chernarus", "X": 6614.0205, "Y": 6, "Z": 2709.4712, "SpawnType": 0 },
  { "MapName": "chernarus", "X": 7273.7656, "Y": 6.083179, "Z": 2258.4282, "SpawnType": 0 },
  { "MapName": "chernarus", "X": 6988.103, "Y": 6.0127869, "Z": 2461.592, "SpawnType": 0 },
  { "MapName": "chernarus", "X": 6551.8354, "Y": 6, "Z": 2345.9153, "SpawnType": 0 },
  { "MapName": "chernarus", "X": 6764.625, "Y": 6, "Z": 2703.6382, "SpawnType": 0 },
  { "MapName": "chernarus", "X": 6774.3418, "Y": 6, "Z": 2434.3735, "SpawnType": 0 },
  { "MapName": "chernarus", "X": 6841.3843, "Y": 6.0561128, "Z": 3137.1846, "SpawnType": 0 },
  { "MapName": "chernarus", "X": 6392.4863, "Y": 22.702002, "Z": 3237.3093, "SpawnType": 0 },
  { "MapName": "chernarus", "X": 7018.0151, "Y": 5.9878078, "Z": 2688.4524, "SpawnType": 0 },
  { "MapName": "chernarus", "X": 8043.8013, "Y": 5.7535992, "Z": 3349.9971, "SpawnType": 0 },
  { "MapName": "chernarus", "X": 7828.3594, "Y": 5.9878125, "Z": 3518.1172, "SpawnType": 0 },
  { "MapName": "chernarus", "X": 10242.414, "Y": 6.0127869, "Z": 1605.1418, "SpawnType": 0 },
  { "MapName": "chernarus", "X": 10039.843, "Y": 6, "Z": 1919.0212, "SpawnType": 0 },
  { "MapName": "chernarus", "X": 10338.761, "Y": 6, "Z": 1837.4615, "SpawnType": 0 },
  { "MapName": "chernarus", "X": 10451.165, "Y": 6, "Z": 2111.7974, "SpawnType": 0 },
  { "MapName": "chernarus", "X": 10591.977, "Y": 6, "Z": 2163.6997, "SpawnType": 0 },
  { "MapName": "chernarus", "X": 10475.867, "Y": 6.1019998, "Z": 2314.4614, "SpawnType": 0 },
  { "MapName": "chernarus", "X": 10479.573, "Y": 5.8846755, "Z": 2598.6821, "SpawnType": 0 },
  { "MapName": "chernarus", "X": 12054.546, "Y": 6.103353, "Z": 3489.635, "SpawnType": 0 },
  { "MapName": "chernarus", "X": 12001.623, "Y": 14.933525, "Z": 3761.3296, "SpawnType": 0 },
  { "MapName": "chernarus", "X": 9162.9912, "Y": 223.50882, "Z": 3881.6172, "SpawnType": 0 },
  { "MapName": "chernarus", "X": 7541.3872, "Y": 213.99951, "Z": 5153.9712, "SpawnType": 0 },
  { "MapName": "chernarus", "X": 6535.7852, "Y": 390.70996, "Z": 5600.3359, "SpawnType": 0 },
  { "MapName": "chernarus", "X": 6548.9478, "Y": 321.60501, "Z": 6065.5791, "SpawnType": 0 },
  { "MapName": "chernarus", "X": 4770.6001, "Y": 267.51001, "Z": 6777.2856, "SpawnType": 0 },
  { "MapName": "chernarus", "X": 4469.3911, "Y": 295.79276, "Z": 6416.6455, "SpawnType": 0 },
  { "MapName": "chernarus", "X": 4915.9756, "Y": 322.78854, "Z": 5609.2192, "SpawnType": 0 },
  { "MapName": "chernarus", "X": 3700.0522, "Y": 402, "Z": 5992.6362, "SpawnType": 0 },
  { "MapName": "chernarus", "X": 5975.9395, "Y": 303.22083, "Z": 7897.166, "SpawnType": 0 },
  { "MapName": "chernarus", "X": 6045.4629, "Y": 301, "Z": 7782.6616, "SpawnType": 0 },
  { "MapName": "chernarus", "X": 6194.915, "Y": 299.95303, "Z": 7686.6104, "SpawnType": 0 },
  { "MapName": "chernarus", "X": 6315.5171, "Y": 291.76907, "Z": 7564.062, "SpawnType": 0 },
  { "MapName": "chernarus", "X": 6932.8345, "Y": 294, "Z": 7754.1851, "SpawnType": 0 },
  { "MapName": "chernarus", "X": 7074.6787, "Y": 293.98999, "Z": 7674.6953, "SpawnType": 0 },
  { "MapName": "chernarus", "X": 7236.7861, "Y": 293.95288, "Z": 7670.4282, "SpawnType": 0 },
  { "MapName": "chernarus", "X": 7211.0425, "Y": 252.27353, "Z": 6958.8467, "SpawnType": 0 },
  { "MapName": "chernarus", "X": 11297.198, "Y": 253.27222, "Z": 5475.6401, "SpawnType": 0 },
  { "MapName": "chernarus", "X": 13331.353, "Y": 5.9708276, "Z": 5433.7832, "SpawnType": 0 },
  { "MapName": "chernarus", "X": 12849.487, "Y": 173.99734, "Z": 4462.6528, "SpawnType": 0 },
  { "MapName": "chernarus", "X": 13423.883, "Y": 5.9277949, "Z": 6299.3071, "SpawnType": 0 },
  { "MapName": "chernarus", "X": 13373.438, "Y": 6, "Z": 6139.4932, "SpawnType": 0 },
  { "MapName": "chernarus", "X": 12901.854, "Y": 8.3795004, "Z": 6237.3696, "SpawnType": 0 },
  { "MapName": "chernarus", "X": 12941.599, "Y": 27.050467, "Z": 6761.1621, "SpawnType": 0 },
  { "MapName": "chernarus", "X": 12913.317, "Y": 15.944136, "Z": 6998.2075, "SpawnType": 0 },
  { "MapName": "chernarus", "X": 13144.907, "Y": 6, "Z": 7027.2646, "SpawnType": 0 },
  { "MapName": "chernarus", "X": 12136.867, "Y": 188.41713, "Z": 7274.5723, "SpawnType": 0 },
  { "MapName": "chernarus", "X": 11461.663, "Y": 221, "Z": 7525.9233, "SpawnType": 0 },
  { "MapName": "chernarus", "X": 11218.274, "Y": 76.384644, "Z": 6550.3667, "SpawnType": 0 },
  { "MapName": "chernarus", "X": 12215.38, "Y": 35.859829, "Z": 6259.7417, "SpawnType": 0 },
  { "MapName": "chernarus", "X": 9655.8809, "Y": 209.00146, "Z": 6562.9351, "SpawnType": 0 },
  { "MapName": "chernarus", "X": 8510.6045, "Y": 357.30475, "Z": 6695.5171, "SpawnType": 0 },
  { "MapName": "chernarus", "X": 9686.4365, "Y": 299, "Z": 8864.0684, "SpawnType": 0 },
  { "MapName": "chernarus", "X": 9373.9277, "Y": 314.63831, "Z": 8837.6182, "SpawnType": 0 },
  { "MapName": "chernarus", "X": 9542.0459, "Y": 302.41669, "Z": 8813.8809, "SpawnType": 0 },
  { "MapName": "chernarus", "X": 9775.9189, "Y": 287.51263, "Z": 8746.0625, "SpawnType": 0 },
  { "MapName": "chernarus", "X": 12042.31, "Y": 54.00021, "Z": 9095.1299, "SpawnType": 0 },
  { "MapName": "chernarus", "X": 12145.349, "Y": 29.71459, "Z": 9403.707, "SpawnType": 0 },
  { "MapName": "chernarus", "X": 11746.07, "Y": 69.587791, "Z": 9159.5586, "SpawnType": 0 },
  { "MapName": "chernarus", "X": 11868.091, "Y": 53.994122, "Z": 9200.9268, "SpawnType": 0 },
  { "MapName": "chernarus", "X": 11796.233, "Y": 70.122459, "Z": 9038.1611, "SpawnType": 0 },
  { "MapName": "chernarus", "X": 11960.962, "Y": 67.148033, "Z": 8951.3525, "SpawnType": 0 },
  { "MapName": "chernarus", "X": 12312.109, "Y": 34, "Z": 9072.0703, "SpawnType": 0 },
  { "MapName": "chernarus", "X": 12421.252, "Y": 6.9988184, "Z": 9545.4492, "SpawnType": 0 },
  { "MapName": "chernarus", "X": 12249.745, "Y": 9.1000004, "Z": 9691.2607, "SpawnType": 0 },
  { "MapName": "chernarus", "X": 12674.783, "Y": 5.9902878, "Z": 9664.8125, "SpawnType": 0 },
  { "MapName": "chernarus", "X": 12628.009, "Y": 6.0126538, "Z": 9466.7793, "SpawnType": 0 },
  { "MapName": "chernarus", "X": 12808.745, "Y": 5.9788208, "Z": 9915.8311, "SpawnType": 0 },
  { "MapName": "chernarus", "X": 12844.695, "Y": 5.9661207, "Z": 10177.32, "SpawnType": 0 },
  { "MapName": "chernarus", "X": 13075.946, "Y": 5.9915123, "Z": 10240.505, "SpawnType": 0 },
  { "MapName": "chernarus", "X": 12303.557, "Y": 89.526276, "Z": 10657.007, "SpawnType": 0 },
  { "MapName": "chernarus", "X": 12297.456, "Y": 106.70718, "Z": 10912.685, "SpawnType": 0 },
  { "MapName": "chernarus", "X": 10424.87, "Y": 117.24555, "Z": 9839.2266, "SpawnType": 0 },
  { "MapName": "chernarus", "X": 10540.225, "Y": 130.32935, "Z": 9696.5439, "SpawnType": 0 },
  { "MapName": "chernarus", "X": 10259.183, "Y": 168.93573, "Z": 9537.0762, "SpawnType": 0 },
  { "MapName": "chernarus", "X": 8582.4785, "Y": 181.33476, "Z": 11931.094, "SpawnType": 0 },
  { "MapName": "chernarus", "X": 8761.6494, "Y": 213.99001, "Z": 11644.612, "SpawnType": 0 },
  { "MapName": "chernarus", "X": 8088.4443, "Y": 197.78745, "Z": 11594.231, "SpawnType": 0 },
  { "MapName": "chernarus", "X": 10783.961, "Y": 251.00835, "Z": 12428.737, "SpawnType": 0 },
  { "MapName": "chernarus", "X": 10946.098, "Y": 227.34535, "Z": 12404.625, "SpawnType": 0 },
  { "MapName": "chernarus", "X": 11121.382, "Y": 213.1138, "Z": 12303.792, "SpawnType": 0 },
  { "MapName": "chernarus", "X": 11556.305, "Y": 168.90962, "Z": 12413.393, "SpawnType": 0 },
  { "MapName": "chernarus", "X": 11734.875, "Y": 139.18208, "Z": 12179.942, "SpawnType": 0 },
  { "MapName": "chernarus", "X": 13362.457, "Y": 93.954773, "Z": 12888.916, "SpawnType": 0 },
  { "MapName": "chernarus", "X": 2003.6224, "Y": 252.76619, "Z": 7335.9585, "SpawnType": 0 },
  { "MapName": "chernarus", "X": 5844.144, "Y": 136.69409, "Z": 4694.249, "SpawnType": 0 },
  { "MapName": "chernarus", "X": 5909.2432, "Y": 136.47443, "Z": 4884.7749, "SpawnType": 0 },
  { "MapName": "chernarus", "X": 9907.9307, "Y": 253.98, "Z": 5466.2979, "SpawnType": 0 },
  { "MapName": "chernarus", "X": 10132.313, "Y": 245.02637, "Z": 5450.0205, "SpawnType": 0 },
  { "MapName": "chernarus", "X": 10298.396, "Y": 244.892, "Z": 5551.7495, "SpawnType": 0 },
  { "MapName": "chernarus", "X": 8130.998, "Y": 470.66867, "Z": 9144.4131, "SpawnType": 2 },
  { "MapName": "chernarus", "X": 8115.2437, "Y": 447.51013, "Z": 7815.9229, "SpawnType": 2 },
  { "MapName": "chernarus", "X": 6154.9023, "Y": 354.6669, "Z": 8097.3833, "SpawnType": 2 },
  { "MapName": "chernarus", "X": 6431.7368, "Y": 385.0625, "Z": 6552.7285, "SpawnType": 2 },
  { "MapName": "chernarus", "X": 6929.1372, "Y": 312.5379, "Z": 4915.7573, "SpawnType": 2 },
  { "MapName": "chernarus", "X": 10152.109, "Y": 318.71365, "Z": 6196.9639, "SpawnType": 2 },
  { "MapName": "chernarus", "X": 10757.543, "Y": 344.85248, "Z": 5665.5645, "SpawnType": 2 },
  { "MapName": "chernarus", "X": 10233.134, "Y": 263.27823, "Z": 4850.4546, "SpawnType": 2 },
  { "MapName": "chernarus", "X": 8945.7461, "Y": 342.90823, "Z": 4379.8535, "SpawnType": 2 },
  { "MapName": "chernarus", "X": 10545.978, "Y": 174.23157, "Z": 3069.375, "SpawnType": 2 },
  { "MapName": "chernarus", "X": 8846.7158, "Y": 222.88986, "Z": 2875.7319, "SpawnType": 2 },
  { "MapName": "chernarus", "X": 7133.9507, "Y": 217.76868, "Z": 4188.4614, "SpawnType": 2 },
  { "MapName": "chernarus", "X": 6276.4419, "Y": 273.90396, "Z": 4629.7905, "SpawnType": 2 },
  { "MapName": "chernarus", "X": 6587.0361, "Y": 266.59756, "Z": 4400.1196, "SpawnType": 2 },
  { "MapName": "chernarus", "X": 4899.0273, "Y": 373.86368, "Z": 5064.3647, "SpawnType": 2 },
  { "MapName": "chernarus", "X": 3897.4753, "Y": 310.18536, "Z": 4177.2026, "SpawnType": 2 },
  { "MapName": "chernarus", "X": 3319.0527, "Y": 294.17661, "Z": 5318.8081, "SpawnType": 2 },
  { "MapName": "chernarus", "X": 1691.8119, "Y": 308.93814, "Z": 7403.8643, "SpawnType": 2 },
  { "MapName": "chernarus", "X": 4377.4839, "Y": 327.43112, "Z": 8060.0117, "SpawnType": 2 },
  { "MapName": "chernarus", "X": 4075.5908, "Y": 371.96722, "Z": 11749.842, "SpawnType": 2 },
  { "MapName": "chernarus", "X": 5515.9473, "Y": 366.35083, "Z": 13354.592, "SpawnType": 2 },
  { "MapName": "chernarus", "X": 3726.4136, "Y": 535.79877, "Z": 14566.34, "SpawnType": 2 },
  { "MapName": "chernarus", "X": 2678.8816, "Y": 565.82043, "Z": 14213.368, "SpawnType": 2 },
  { "MapName": "chernarus", "X": 7378.2266, "Y": 365.17014, "Z": 14155.147, "SpawnType": 2 },
  { "MapName": "chernarus", "X": 10775.433, "Y": 327.534, "Z": 12903.37, "SpawnType": 2 },
  { "MapName": "chernarus", "X": 10320.773, "Y": 359.08557, "Z": 12030.037, "SpawnType": 2 },
  { "MapName": "chernarus", "X": 11557.445, "Y": 322.14951, "Z": 11342.289, "SpawnType": 2 },
  { "MapName": "chernarus", "X": 12932.33, "Y": 210.43108, "Z": 12779.649, "SpawnType": 2 },
  { "MapName": "chernarus", "X": 10896.302, "Y": 287.47488, "Z": 7630.8945, "SpawnType": 2 },
  { "MapName": "chernarus", "X": 12320.455, "Y": 253.98001, "Z": 4563.9028, "SpawnType": 2 },
  { "MapName": "chernarus", "X": 11959.794, "Y": 230.10307, "Z": 7089.6606, "SpawnType": 2 },
  { "MapName": "chernarus", "X": 11169.112, "Y": 279.79163, "Z": 8445.0566, "SpawnType": 2 },
  { "MapName": "chernarus", "X": 11363.314, "Y": 279.99384, "Z": 8135.1196, "SpawnType": 2 },
  { "MapName": "chernarus", "X": 8917.2881, "Y": 344.90878, "Z": 5729.6367, "SpawnType": 2 },
  { "MapName": "chernarus", "X": 8935.7842, "Y": 377.5827, "Z": 7478.2368, "SpawnType": 2 },
  { "MapName": "chernarus", "X": 6595.9756, "Y": 362.98001, "Z": 5321.9131, "SpawnType": 2 },
  { "MapName": "chernarus", "X": 5442.124, "Y": 311.33145, "Z": 5706.7026, "SpawnType": 2 },
  { "MapName": "chernarus", "X": 4760.1987, "Y": 585.47467, "Z": 15387.834, "SpawnType": 2 },
  { "MapName": "chernarus", "X": 5349.5903, "Y": 610.92963, "Z": 15406.465, "SpawnType": 2 },
  { "MapName": "chernarus", "X": 507.07666, "Y": 670.85828, "Z": 15317.045, "SpawnType": 2 },
  { "MapName": "chernarus", "X": 8130.998, "Y": 470.66867, "Z": 9144.4131, "SpawnType": 0 },
  { "MapName": "chernarus", "X": 8115.2437, "Y": 447.51013, "Z": 7815.9229, "SpawnType": 0 },
  { "MapName": "chernarus", "X": 6154.9023, "Y": 354.6669, "Z": 8097.3833, "SpawnType": 0 },
  { "MapName": "chernarus", "X": 4877.0386, "Y": 339, "Z": 10033.372, "SpawnType": 3 },
  { "MapName": "chernarus", "X": 11790.209, "Y": 158.8028, "Z": 12829.24, "SpawnType": 3 },
  { "MapName": "chernarus", "X": 4635.8921, "Y": 8.989233, "Z": 2556.6924, "SpawnType": 3 },
  { "MapName": "takistan", "X": 4129.8218, "Y": 25.062578, "Z": 11746.961, "SpawnType": 0 },
  { "MapName": "takistan", "X": 1601.8826, "Y": 194.17368, "Z": 11662.296, "SpawnType": 0 },
  { "MapName": "takistan", "X": 1817.7911, "Y": 145.87, "Z": 11935.901, "SpawnType": 0 },
  { "MapName": "takistan", "X": 2033.7002, "Y": 143.47784, "Z": 11723.823, "SpawnType": 0 },
  { "MapName": "takistan", "X": 2139.6917, "Y": 76.044487, "Z": 12233.072, "SpawnType": 0 },
  { "MapName": "takistan", "X": 3087.9854, "Y": 60.437061, "Z": 9923.1631, "SpawnType": 0 },
  { "MapName": "takistan", "X": 3439.0239, "Y": 63.592968, "Z": 9990.8633, "SpawnType": 0 },
  { "MapName": "takistan", "X": 4595.7617, "Y": 132.57068, "Z": 9464.0684, "SpawnType": 0 },
  { "MapName": "takistan", "X": 3610.3145, "Y": 152.13437, "Z": 8573.3857, "SpawnType": 0 },
  { "MapName": "takistan", "X": 3242.3579, "Y": 172.33342, "Z": 8133.333, "SpawnType": 0 },
  { "MapName": "takistan", "X": 2030.3932, "Y": 277.47928, "Z": 7703.5889, "SpawnType": 0 },
  { "MapName": "takistan", "X": 1468.7799, "Y": 236.55574, "Z": 5762.7466, "SpawnType": 0 },
  { "MapName": "takistan", "X": 1608.3126, "Y": 230.96849, "Z": 5696.6226, "SpawnType": 0 },
  { "MapName": "takistan", "X": 2510.5603, "Y": 194.88177, "Z": 5096.3745, "SpawnType": 0 },
  { "MapName": "takistan", "X": 1443.866, "Y": 231.94974, "Z": 3646.9131, "SpawnType": 0 },
  { "MapName": "takistan", "X": 1526.4868, "Y": 214.57959, "Z": 3533.2581, "SpawnType": 0 },
  { "MapName": "takistan", "X": 743.18835, "Y": 236.54176, "Z": 2985.8826, "SpawnType": 0 },
  { "MapName": "takistan", "X": 1006.7461, "Y": 227.17278, "Z": 3156.1577, "SpawnType": 0 },
  { "MapName": "takistan", "X": 530.61865, "Y": 245.92163, "Z": 2819.918, "SpawnType": 0 },
  { "MapName": "takistan", "X": 573.70709, "Y": 244.35176, "Z": 2709.2759, "SpawnType": 0 },
  { "MapName": "takistan", "X": 107.37181, "Y": 245.79463, "Z": 2795.6016, "SpawnType": 0 },
  { "MapName": "takistan", "X": 1874.1544, "Y": 381.64548, "Z": 375.04349, "SpawnType": 0 },
  { "MapName": "takistan", "X": 3567.7903, "Y": 363.06128, "Z": 1258.8287, "SpawnType": 0 },
  { "MapName": "takistan", "X": 3200.5044, "Y": 389.96854, "Z": 911.44946, "SpawnType": 0 },
  { "MapName": "takistan", "X": 4251.4351, "Y": 325.39722, "Z": 615.95081, "SpawnType": 0 },
  { "MapName": "takistan", "X": 4397.9912, "Y": 346.20001, "Z": 817.55524, "SpawnType": 0 },
  { "MapName": "takistan", "X": 4643.9966, "Y": 317.64999, "Z": 693.18921, "SpawnType": 0 },
  { "MapName": "takistan", "X": 6046.3989, "Y": 292.93915, "Z": 1153.9039, "SpawnType": 0 },
  { "MapName": "takistan", "X": 6432.9453, "Y": 351.59106, "Z": 1998.191, "SpawnType": 0 },
  { "MapName": "takistan", "X": 6534.7466, "Y": 347.38116, "Z": 2082.325, "SpawnType": 0 },
  { "MapName": "takistan", "X": 7048.1758, "Y": 281.71143, "Z": 1040.2489, "SpawnType": 0 },
  { "MapName": "takistan", "X": 7486.3618, "Y": 287.24918, "Z": 1702.9854, "SpawnType": 0 },
  { "MapName": "takistan", "X": 8231.4238, "Y": 296.04001, "Z": 2125.1282, "SpawnType": 0 },
  { "MapName": "takistan", "X": 8435.0254, "Y": 306.18344, "Z": 2445.4263, "SpawnType": 0 },
  { "MapName": "takistan", "X": 8753.7061, "Y": 326.92255, "Z": 1853.5386, "SpawnType": 0 },
  { "MapName": "takistan", "X": 8678.4619, "Y": 399.33826, "Z": 1437.2986, "SpawnType": 0 },
  { "MapName": "takistan", "X": 8888.8311, "Y": 265.32568, "Z": 5314.8857, "SpawnType": 0 },
  { "MapName": "takistan", "X": 9251.8984, "Y": 343.3801, "Z": 1833.4731, "SpawnType": 0 },
  { "MapName": "takistan", "X": 10043.713, "Y": 344.95221, "Z": 2321.0891, "SpawnType": 0 },
  { "MapName": "takistan", "X": 10205.071, "Y": 353.5997, "Z": 2417.614, "SpawnType": 0 },
  { "MapName": "takistan", "X": 11841.59, "Y": 375.69025, "Z": 2601.249, "SpawnType": 0 },
  { "MapName": "takistan", "X": 10857.922, "Y": 289.99286, "Z": 6314.2588, "SpawnType": 0 },
  { "MapName": "takistan", "X": 10406.46, "Y": 257.08246, "Z": 6366.5078, "SpawnType": 0 },
  { "MapName": "takistan", "X": 9122.8691, "Y": 203.17082, "Z": 6761.2764, "SpawnType": 0 },
  { "MapName": "takistan", "X": 8255.5986, "Y": 177.43536, "Z": 7779.1582, "SpawnType": 0 },
  { "MapName": "takistan", "X": 6801.1221, "Y": 120.70843, "Z": 8928.915, "SpawnType": 0 },
  { "MapName": "takistan", "X": 5648.332, "Y": 81.940002, "Z": 8943.8936, "SpawnType": 0 },
  { "MapName": "takistan", "X": 5533.5527, "Y": 78.284111, "Z": 9308.3574, "SpawnType": 0 },
  { "MapName": "takistan", "X": 5679.9385, "Y": 74.377899, "Z": 9954.0742, "SpawnType": 0 },
  { "MapName": "takistan", "X": 5887.8735, "Y": 79.129463, "Z": 9789.3154, "SpawnType": 0 },
  { "MapName": "takistan", "X": 5961.0664, "Y": 66.602875, "Z": 10371.793, "SpawnType": 0 },
  { "MapName": "takistan", "X": 6183.9727, "Y": 66.81871, "Z": 10891.029, "SpawnType": 0 },
  { "MapName": "takistan", "X": 6318.7144, "Y": 60.472153, "Z": 11288.778, "SpawnType": 0 },
  { "MapName": "takistan", "X": 6125.751, "Y": 60.139214, "Z": 11162.298, "SpawnType": 0 },
  { "MapName": "takistan", "X": 6909.249, "Y": 52.525856, "Z": 11578.352, "SpawnType": 0 },
  { "MapName": "takistan", "X": 6804.4512, "Y": 43.18, "Z": 12250.695, "SpawnType": 0 },
  { "MapName": "takistan", "X": 9805.25, "Y": 115.3615, "Z": 11548.967, "SpawnType": 0 },
  { "MapName": "takistan", "X": 9947.8809, "Y": 134.17981, "Z": 11327.726, "SpawnType": 0 },
  { "MapName": "takistan", "X": 10486.999, "Y": 136.90204, "Z": 11106.483, "SpawnType": 0 },
  { "MapName": "takistan", "X": 10276.323, "Y": 149.34502, "Z": 10635.199, "SpawnType": 0 },
  { "MapName": "takistan", "X": 12281.299, "Y": 109.72162, "Z": 11101.947, "SpawnType": 0 },
  { "MapName": "takistan", "X": 12226.002, "Y": 132.00082, "Z": 10692.425, "SpawnType": 0 },
  { "MapName": "takistan", "X": 12276.271, "Y": 152.5602, "Z": 10362.651, "SpawnType": 0 },
  { "MapName": "takistan", "X": 12201.913, "Y": 177.40613, "Z": 9963.7178, "SpawnType": 0 },
  { "MapName": "takistan", "X": 12550.084, "Y": 204.5793, "Z": 9983.1592, "SpawnType": 0 },
  { "MapName": "takistan", "X": 10689.441, "Y": 144.21849, "Z": 10754.292, "SpawnType": 0 },
  { "MapName": "takistan", "X": 9342.8125, "Y": 164.44482, "Z": 10025.385, "SpawnType": 0 },
  { "MapName": "takistan", "X": 11482.514, "Y": 274.47806, "Z": 8271.8643, "SpawnType": 0 },
  { "MapName": "takistan", "X": 5298.3633, "Y": 238.84221, "Z": 4743.5791, "SpawnType": 0 },
  { "MapName": "takistan", "X": 6303.103, "Y": 324.41199, "Z": 5031.4897, "SpawnType": 0 },
  { "MapName": "takistan", "X": 6145.0723, "Y": 305.02686, "Z": 5628.9429, "SpawnType": 0 },
  { "MapName": "takistan", "X": 5759.1455, "Y": 284.5387, "Z": 5707.1616, "SpawnType": 0 },
  { "MapName": "takistan", "X": 5050.5044, "Y": 148.73633, "Z": 6108.2383, "SpawnType": 0 },
  { "MapName": "takistan", "X": 5368.2285, "Y": 140.50053, "Z": 6271.3311, "SpawnType": 0 },
  { "MapName": "takistan", "X": 5298.3628, "Y": 158.26266, "Z": 6049.9902, "SpawnType": 0 },
  { "MapName": "takistan", "X": 4649.606, "Y": 157.78644, "Z": 5788.7085, "SpawnType": 0 },
  { "MapName": "takistan", "X": 5057.1577, "Y": 195.75803, "Z": 5429.2373, "SpawnType": 0 },
  { "MapName": "takistan", "X": 3613.2598, "Y": 165.81544, "Z": 5622.2871, "SpawnType": 0 },
  { "MapName": "takistan", "X": 3738.021, "Y": 224.64474, "Z": 4510.5889, "SpawnType": 0 },
  { "MapName": "takistan", "X": 3535.0764, "Y": 238.14955, "Z": 4144.4604, "SpawnType": 0 },
  { "MapName": "takistan", "X": 3225.6702, "Y": 319.58099, "Z": 3583.6196, "SpawnType": 0 },
  { "MapName": "takistan", "X": 5937.9683, "Y": 123.09659, "Z": 7392.6958, "SpawnType": 0 },
  { "MapName": "takistan", "X": 5050.3652, "Y": 301.07999, "Z": 6881.1172, "SpawnType": 0 },
  { "MapName": "takistan", "X": 7228.4775, "Y": 93.098656, "Z": 11386.805, "SpawnType": 0 },
  { "MapName": "takistan", "X": 7773.4526, "Y": 229.24347, "Z": 11524.212, "SpawnType": 0 },
  { "MapName": "takistan", "X": 8394.1406, "Y": 232.06531, "Z": 11092.729, "SpawnType": 0 },
  { "MapName": "takistan", "X": 8682.3535, "Y": 238.56146, "Z": 11346.058, "SpawnType": 0 },
  { "MapName": "takistan", "X": 6510.5674, "Y": 321.81998, "Z": 8102.3491, "SpawnType": 2 },
  { "MapName": "takistan", "X": 6760.5791, "Y": 323.64386, "Z": 8053.9385, "SpawnType": 2 },
  { "MapName": "takistan", "X": 5236.3105, "Y": 325.75858, "Z": 8110.417, "SpawnType": 2 },
  { "MapName": "takistan", "X": 4577.6763, "Y": 419.03775, "Z": 7728.5078, "SpawnType": 2 },
  { "MapName": "takistan", "X": 4609.9365, "Y": 490.74426, "Z": 7265.915, "SpawnType": 2 },
  { "MapName": "takistan", "X": 2214.6577, "Y": 524.93616, "Z": 8556.876, "SpawnType": 2 },
  { "MapName": "takistan", "X": 2886.7339, "Y": 505.26871, "Z": 6684.9824, "SpawnType": 2 },
  { "MapName": "takistan", "X": 2375.9563, "Y": 518.15704, "Z": 6563.9541, "SpawnType": 2 },
  { "MapName": "takistan", "X": 1738.8282, "Y": 513.41248, "Z": 6684.9824, "SpawnType": 2 },
  { "MapName": "takistan", "X": 3948.614, "Y": 531.7464, "Z": 6892.0737, "SpawnType": 2 },
  { "MapName": "takistan", "X": 5386.856, "Y": 347.67145, "Z": 6811.3882, "SpawnType": 2 },
  { "MapName": "takistan", "X": 4349.1709, "Y": 423.66339, "Z": 5006.7339, "SpawnType": 2 },
  { "MapName": "takistan", "X": 3099.1099, "Y": 446.40872, "Z": 4541.4492, "SpawnType": 2 },
  { "MapName": "takistan", "X": 1289.8817, "Y": 535.02423, "Z": 4818.4678, "SpawnType": 2 },
  { "MapName": "takistan", "X": 279.07968, "Y": 593.01599, "Z": 4716.2666, "SpawnType": 2 },
  { "MapName": "takistan", "X": 201.11894, "Y": 516.12573, "Z": 3592.0554, "SpawnType": 2 },
  { "MapName": "takistan", "X": 1663.5559, "Y": 532.49225, "Z": 2330.6802, "SpawnType": 2 },
  { "MapName": "takistan", "X": 2542.6309, "Y": 403.07367, "Z": 3183.252, "SpawnType": 2 },
  { "MapName": "takistan", "X": 3689.8005, "Y": 674.79871, "Z": 2721.144, "SpawnType": 2 },
  { "MapName": "takistan", "X": 4762.7407, "Y": 675.27905, "Z": 2432.5142, "SpawnType": 2 },
  { "MapName": "takistan", "X": 4457.5483, "Y": 665.44696, "Z": 3284.0913, "SpawnType": 2 },
  { "MapName": "takistan", "X": 5163.1563, "Y": 590.216, "Z": 3786.0046, "SpawnType": 2 },
  { "MapName": "takistan", "X": 5394.2129, "Y": 601.26703, "Z": 3468.116, "SpawnType": 2 },
  { "MapName": "takistan", "X": 4923.0107, "Y": 635.41797, "Z": 3485.2532, "SpawnType": 2 },
  { "MapName": "takistan", "X": 5755.9771, "Y": 645.93091, "Z": 3234.314, "SpawnType": 2 },
  { "MapName": "takistan", "X": 6150.5708, "Y": 662.00873, "Z": 3688.2981, "SpawnType": 2 },
  { "MapName": "takistan", "X": 6100.6655, "Y": 650.81592, "Z": 3346.939, "SpawnType": 2 },
  { "MapName": "takistan", "X": 6903.8862, "Y": 606.49847, "Z": 3896.3616, "SpawnType": 2 },
  { "MapName": "takistan", "X": 8117.1006, "Y": 554.13867, "Z": 4286.1299, "SpawnType": 2 },
  { "MapName": "takistan", "X": 9422.5869, "Y": 605.89185, "Z": 3916.8755, "SpawnType": 2 },
  { "MapName": "takistan", "X": 10950.211, "Y": 758.26892, "Z": 3588.6497, "SpawnType": 2 },
  { "MapName": "takistan", "X": 12252.278, "Y": 846.73981, "Z": 4822.917, "SpawnType": 2 },
  { "MapName": "takistan", "X": 11626.875, "Y": 514.33179, "Z": 6771.7622, "SpawnType": 2 },
  { "MapName": "takistan", "X": 10482.01, "Y": 535.59271, "Z": 7558.1392, "SpawnType": 2 },
  { "MapName": "takistan", "X": 9825.8496, "Y": 505.96304, "Z": 7376.9302, "SpawnType": 2 },
  { "MapName": "takistan", "X": 8001.1206, "Y": 614.9892, "Z": 6214.1172, "SpawnType": 2 },
  { "MapName": "takistan", "X": 7733.2163, "Y": 512.06195, "Z": 5298.5161, "SpawnType": 2 },
  { "MapName": "takistan", "X": 642.95679, "Y": 730.34308, "Z": 10048.212, "SpawnType": 2 },
  { "MapName": "takistan", "X": 1878.688, "Y": 403.41006, "Z": 9952.1592, "SpawnType": 2 },
  { "MapName": "takistan", "X": 9347.8594, "Y": 212.98508, "Z": 10590.572, "SpawnType": 2 },
  { "MapName": "takistan", "X": 10826.03, "Y": 226.41223, "Z": 11883.226, "SpawnType": 2 },
  { "MapName": "takistan", "X": 11196.1, "Y": 424.10605, "Z": 8542.6348, "SpawnType": 2 },
  { "MapName": "takistan", "X": 9783.418, "Y": 663.29919, "Z": 3694.0193, "SpawnType": 2 },
  { "MapName": "takistan", "X": 5959.8188, "Y": 366.7684, "Z": 4984.3574, "SpawnType": 2 },
  { "MapName": "takistan", "X": 3958.8252, "Y": 358.47629, "Z": 6262.7549, "SpawnType": 2 },
  { "MapName": "takistan", "X": 350.01544, "Y": 651.01117, "Z": 383.53195, "SpawnType": 2 },
  { "MapName": "takistan", "X": 827.44543, "Y": 318.16003, "Z": 2441.6108, "SpawnType": 2 },
  { "MapName": "takistan", "X": 8234.665, "Y": 296.04001, "Z": 2024.1857, "SpawnType": 3 },
  { "MapName": "takistan", "X": 5757.0864, "Y": 83.040001, "Z": 11346.541, "SpawnType": 3},
  { "MapName": "lingor", "X": 8290.6523, "Y": 28.510309, "Z": 8245.1943, "SpawnType": 0 },
  { "MapName": "lingor", "X": 8465.8418, "Y": 7.9000773, "Z": 7947.3286, "SpawnType": 0 },
  { "MapName": "lingor", "X": 9108.8242, "Y": 30.303686, "Z": 7841.9033, "SpawnType": 0 },
  { "MapName": "lingor", "X": 9232.8701, "Y": 9.4246626, "Z": 8273.5078, "SpawnType": 0 },
  { "MapName": "lingor", "X": 9198.3125, "Y": 2.500716, "Z": 7097.7139, "SpawnType": 0 },
  { "MapName": "lingor", "X": 8852.1133, "Y": 6.978518, "Z": 6864.3652, "SpawnType": 0 },
  { "MapName": "lingor", "X": 8082.8618, "Y": 17.750832, "Z": 6720.8447, "SpawnType": 0 },
  { "MapName": "lingor", "X": 5971.4785, "Y": 12.200739, "Z": 6760.5586, "SpawnType": 0 },
  { "MapName": "lingor", "X": 6749.5142, "Y": 12.212019, "Z": 6627.791, "SpawnType": 0 },
  { "MapName": "lingor", "X": 7024.0381, "Y": 12.212019, "Z": 6321.9043, "SpawnType": 0 },
  { "MapName": "lingor", "X": 6575.1714, "Y": 12.212019, "Z": 6209.9634, "SpawnType": 0 },
  { "MapName": "lingor", "X": 6698.7725, "Y": 12.212019, "Z": 5927.5059, "SpawnType": 0 },
  { "MapName": "lingor", "X": 6343.583, "Y": 12.145, "Z": 5807.7549, "SpawnType": 0 },
  { "MapName": "lingor", "X": 7115.1123, "Y": 6.532918, "Z": 5824.6768, "SpawnType": 0 },
  { "MapName": "lingor", "X": 6059.9507, "Y": 48.650024, "Z": 5724.4507, "SpawnType": 0 },
  { "MapName": "lingor", "X": 6781.2109, "Y": 14.490396, "Z": 4737.2505, "SpawnType": 0 },
  { "MapName": "lingor", "X": 6405.9668, "Y": 43.990871, "Z": 5018.1353, "SpawnType": 0 },
  { "MapName": "lingor", "X": 6571.6094, "Y": 9.1723003, "Z": 4241.2866, "SpawnType": 0 },
  { "MapName": "lingor", "X": 6842.6602, "Y": 62.257366, "Z": 4500.4194, "SpawnType": 0 },
  { "MapName": "lingor", "X": 5869.0557, "Y": 18.460636, "Z": 4008.2134, "SpawnType": 0 },
  { "MapName": "lingor", "X": 5688.7939, "Y": 40.815525, "Z": 4159.5435, "SpawnType": 0 },
  { "MapName": "lingor", "X": 5751.1543, "Y": 22.105591, "Z": 4524.9219, "SpawnType": 0 },
  { "MapName": "lingor", "X": 5956.4492, "Y": 15.184059, "Z": 4672.3169, "SpawnType": 0 },
  { "MapName": "lingor", "X": 5577.2578, "Y": 8.0363026, "Z": 4429.0762, "SpawnType": 0 },
  { "MapName": "lingor", "X": 5711.9951, "Y": 5.9839997, "Z": 4834.29, "SpawnType": 0 },
  { "MapName": "lingor", "X": 5447.8262, "Y": 12.105477, "Z": 5030.522, "SpawnType": 0 },
  { "MapName": "lingor", "X": 5299.4893, "Y": 12.382153, "Z": 5006.0298, "SpawnType": 0 },
  { "MapName": "lingor", "X": 5180.293, "Y": 12.020271, "Z": 5551.8359, "SpawnType": 0 },
  { "MapName": "lingor", "X": 6007.4385, "Y": 15.963875, "Z": 6548.9131, "SpawnType": 0 },
  { "MapName": "lingor", "X": 6172.9893, "Y": 12.200739, "Z": 6783.8892, "SpawnType": 0 },
  { "MapName": "lingor", "X": 5123.9404, "Y": 18.094065, "Z": 7310.7471, "SpawnType": 0 },
  { "MapName": "lingor", "X": 5145.4336, "Y": 20.930759, "Z": 6773.1953, "SpawnType": 0 },
  { "MapName": "lingor", "X": 5174.4385, "Y": 18.094065, "Z": 6962.3833, "SpawnType": 0 },
  { "MapName": "lingor", "X": 4256.1846, "Y": 58.705524, "Z": 6676.7915, "SpawnType": 0 },
  { "MapName": "lingor", "X": 3900.2261, "Y": 14.749814, "Z": 6450.6484, "SpawnType": 0 },
  { "MapName": "lingor", "X": 3574.624, "Y": 27.021469, "Z": 6458.5068, "SpawnType": 0 },
  { "MapName": "lingor", "X": 3276.8701, "Y": 13.633184, "Z": 6174.9082, "SpawnType": 0 },
  { "MapName": "lingor", "X": 3004.1538, "Y": 14.806208, "Z": 8052.8701, "SpawnType": 0 },
  { "MapName": "lingor", "X": 4200.0396, "Y": 12.809812, "Z": 7596.6416, "SpawnType": 0 },
  { "MapName": "lingor", "X": 2981.3699, "Y": 13.734697, "Z": 6270.2129, "SpawnType": 0 },
  { "MapName": "lingor", "X": 2987.0054, "Y": 14.180219, "Z": 6507.8164, "SpawnType": 0 },
  { "MapName": "lingor", "X": 3150.2024, "Y": 6.9446802, "Z": 5857.6812, "SpawnType": 0 },
  { "MapName": "lingor", "X": 3190.1418, "Y": 14.78081, "Z": 5992.9922, "SpawnType": 0 },
  { "MapName": "lingor", "X": 3505.1208, "Y": 16.120226, "Z": 5779.5825, "SpawnType": 0 },
  { "MapName": "lingor", "X": 3381.6709, "Y": 17.319775, "Z": 5973.9209, "SpawnType": 0 },
  { "MapName": "lingor", "X": 2790.3682, "Y": 4.1063433, "Z": 5629.6641, "SpawnType": 0 },
  { "MapName": "lingor", "X": 2779.7642, "Y": 5.833602, "Z": 5480.6992, "SpawnType": 0 },
  { "MapName": "lingor", "X": 3168.1372, "Y": 16.578772, "Z": 5432.5186, "SpawnType": 0 },
  { "MapName": "lingor", "X": 2799.2046, "Y": 5.8336892, "Z": 5340.5762, "SpawnType": 0 },
  { "MapName": "lingor", "X": 2691.8386, "Y": 8.4430923, "Z": 5341.46, "SpawnType": 0 },
  { "MapName": "lingor", "X": 2887.5718, "Y": 5.8336892, "Z": 5470.0918, "SpawnType": 0 },
  { "MapName": "lingor", "X": 3347.519, "Y": 12.454516, "Z": 5199.3066, "SpawnType": 0 },
  { "MapName": "lingor", "X": 3813.1929, "Y": 6.9954362, "Z": 5102.7119, "SpawnType": 0 },
  { "MapName": "lingor", "X": 3997.8232, "Y": 24.996872, "Z": 5019.5908, "SpawnType": 0 },
  { "MapName": "lingor", "X": 3973.5903, "Y": 24.996872, "Z": 4896.0645, "SpawnType": 0 },
  { "MapName": "lingor", "X": 4338.2358, "Y": 24.996889, "Z": 5001.1201, "SpawnType": 0 },
  { "MapName": "lingor", "X": 4422.4731, "Y": 8.2962275, "Z": 5078.4688, "SpawnType": 0 },
  { "MapName": "lingor", "X": 4716.728, "Y": 21.455179, "Z": 5132.7285, "SpawnType": 0 },
  { "MapName": "lingor", "X": 4500.9409, "Y": 24.991989, "Z": 4832.5693, "SpawnType": 0 },
  { "MapName": "lingor", "X": 4155.9136, "Y": 52.744804, "Z": 4724.0518, "SpawnType": 0 },
  { "MapName": "lingor", "X": 4121.2949, "Y": 42.873249, "Z": 4561.2734, "SpawnType": 0 },
  { "MapName": "lingor", "X": 3657.4116, "Y": 34.714001, "Z": 4603.9883, "SpawnType": 0 },
  { "MapName": "lingor", "X": 3087.3652, "Y": 14.77237, "Z": 4621.3047, "SpawnType": 0 },
  { "MapName": "lingor", "X": 3806.2695, "Y": 56.050529, "Z": 4464.2988, "SpawnType": 0 },
  { "MapName": "lingor", "X": 4113.2173, "Y": 67.387444, "Z": 4353.4717, "SpawnType": 0 },
  { "MapName": "lingor", "X": 3958.9504, "Y": 144.00261, "Z": 4224.7588, "SpawnType": 0 },
  { "MapName": "lingor", "X": 3733.2312, "Y": 150.9809, "Z": 4181.6333, "SpawnType": 0 },
  { "MapName": "lingor", "X": 3551.8259, "Y": 126.32264, "Z": 4227.7881, "SpawnType": 0 },
  { "MapName": "lingor", "X": 3501.1289, "Y": 36.021465, "Z": 4495.6714, "SpawnType": 0 },
  { "MapName": "lingor", "X": 2972.542, "Y": 152.96385, "Z": 3774.032, "SpawnType": 0 },
  { "MapName": "lingor", "X": 3543.3413, "Y": 249.71562, "Z": 3773.2271, "SpawnType": 0 },
  { "MapName": "lingor", "X": 3350.9282, "Y": 226.67839, "Z": 3607.3066, "SpawnType": 0 },
  { "MapName": "lingor", "X": 2863.8577, "Y": 147.86006, "Z": 3633.0806, "SpawnType": 0 },
  { "MapName": "lingor", "X": 1941.4836, "Y": 11.6537, "Z": 4567.5127, "SpawnType": 0 },
  { "MapName": "lingor", "X": 1758.2855, "Y": 42.225693, "Z": 4163.0688, "SpawnType": 0 },
  { "MapName": "lingor", "X": 2280.4526, "Y": 3.0510459, "Z": 2695.094, "SpawnType": 0 },
  { "MapName": "lingor", "X": 1084.7415, "Y": 31.438587, "Z": 2315.0061, "SpawnType": 0 },
  { "MapName": "lingor", "X": 970.24792, "Y": 16.434229, "Z": 1980.4828, "SpawnType": 0 },
  { "MapName": "lingor", "X": 959.83948, "Y": 25.423069, "Z": 1727.9639, "SpawnType": 0 },
  { "MapName": "lingor", "X": 730.85229, "Y": 23.653255, "Z": 1630.3412, "SpawnType": 0 },
  { "MapName": "lingor", "X": 387.37149, "Y": 19.496973, "Z": 1890.6696, "SpawnType": 0 },
  { "MapName": "lingor", "X": 539.59595, "Y": 19.163158, "Z": 1362.2015, "SpawnType": 0 },
  { "MapName": "lingor", "X": 565.61719, "Y": 18.229488, "Z": 946.97754, "SpawnType": 0 },
  { "MapName": "lingor", "X": 1342.3522, "Y": 10.818373, "Z": 1321.85, "SpawnType": 0 },
  { "MapName": "lingor", "X": 1796.424, "Y": 12.998483, "Z": 687.94922, "SpawnType": 0 },
  { "MapName": "lingor", "X": 1753.4889, "Y": 13.001555, "Z": 548.67371, "SpawnType": 0 },
  { "MapName": "lingor", "X": 1161.5052, "Y": 69.462898, "Z": 713.98193, "SpawnType": 0 },
  { "MapName": "lingor", "X": 1383.9869, "Y": 124.29803, "Z": 625.47058, "SpawnType": 0 },
  { "MapName": "lingor", "X": 2093.0137, "Y": 11.426775, "Z": 1010.9277, "SpawnType": 0 },
  { "MapName": "lingor", "X": 2158.2432, "Y": 8.9768724, "Z": 924.76135, "SpawnType": 0 },
  { "MapName": "lingor", "X": 1989.1533, "Y": 10.716123, "Z": 1090.7593, "SpawnType": 0 },
  { "MapName": "lingor", "X": 2570.7529, "Y": 9.9575338, "Z": 1154.4757, "SpawnType": 0 },
  { "MapName": "lingor", "X": 2431.8716, "Y": 33.527256, "Z": 1579.4788, "SpawnType": 0 },
  { "MapName": "lingor", "X": 2862.1313, "Y": 32.71373, "Z": 1445.9845, "SpawnType": 0 },
  { "MapName": "lingor", "X": 2925.6716, "Y": 9.70574, "Z": 1209.8718, "SpawnType": 0 },
  { "MapName": "lingor", "X": 3308.7302, "Y": 9.9731169, "Z": 1275.2557, "SpawnType": 0 },
  { "MapName": "lingor", "X": 3237.02, "Y": 70.000305, "Z": 1509.5526, "SpawnType": 0 },
  { "MapName": "lingor", "X": 3347.7622, "Y": 77.219086, "Z": 1602.1814, "SpawnType": 0 },
  { "MapName": "lingor", "X": 3592.9155, "Y": 52.235893, "Z": 2816.895, "SpawnType": 0 },
  { "MapName": "lingor", "X": 4727.2383, "Y": 20.107388, "Z": 3136.6792, "SpawnType": 0 },
  { "MapName": "lingor", "X": 4816.0918, "Y": 6.9954362, "Z": 2686.4424, "SpawnType": 0 },
  { "MapName": "lingor", "X": 4063.7231, "Y": 7.9823561, "Z": 2335.4883, "SpawnType": 0 },
  { "MapName": "lingor", "X": 3911.4028, "Y": 7.9823561, "Z": 2329.7163, "SpawnType": 0 },
  { "MapName": "lingor", "X": 3933.3276, "Y": 7.0305662, "Z": 2218.8887, "SpawnType": 0 },
  { "MapName": "lingor", "X": 3668.29, "Y": 14.11615, "Z": 1303.1805, "SpawnType": 0 },
  { "MapName": "lingor", "X": 3682.9592, "Y": 12.212019, "Z": 1656.8726, "SpawnType": 0 },
  { "MapName": "lingor", "X": 4010.0881, "Y": 19.972036, "Z": 1504.2419, "SpawnType": 0 },
  { "MapName": "lingor", "X": 3907.4021, "Y": 2.9969971, "Z": 1162.2913, "SpawnType": 0 },
  { "MapName": "lingor", "X": 3776.8438, "Y": 10.002196, "Z": 1024.3378, "SpawnType": 0 },
  { "MapName": "lingor", "X": 6069.3379, "Y": 3.9782779, "Z": 1720.3906, "SpawnType": 0 },
  { "MapName": "lingor", "X": 5334.3037, "Y": 6.6965399, "Z": 2151.2976, "SpawnType": 0 },
  { "MapName": "lingor", "X": 6825.8027, "Y": 6.9559579, "Z": 2134.8408, "SpawnType": 0 },
  { "MapName": "lingor", "X": 6781.3242, "Y": 5.9859552, "Z": 2498.9985, "SpawnType": 0 },
  { "MapName": "lingor", "X": 7405.8359, "Y": 4.865665, "Z": 1963.2043, "SpawnType": 0 },
  { "MapName": "lingor", "X": 7661.8135, "Y": 4.9764762, "Z": 1652.6251, "SpawnType": 0 },
  { "MapName": "lingor", "X": 8028.5327, "Y": 4.9877572, "Z": 1098.6688, "SpawnType": 0 },
  { "MapName": "lingor", "X": 8348.958, "Y": 4.9877572, "Z": 726.33667, "SpawnType": 0 },
  { "MapName": "lingor", "X": 8377.4434, "Y": 4.9877572, "Z": 1978.0615, "SpawnType": 0 },
  { "MapName": "lingor", "X": 8345.4902, "Y": 4.9933949, "Z": 2607.9199, "SpawnType": 0 },
  { "MapName": "lingor", "X": 8252.9023, "Y": 4.977921, "Z": 2991.1487, "SpawnType": 0 },
  { "MapName": "lingor", "X": 7702.8242, "Y": 4.977921, "Z": 2702.3645, "SpawnType": 0 },
  { "MapName": "lingor", "X": 7492.2324, "Y": 4.9887152, "Z": 2975.7104, "SpawnType": 0 },
  { "MapName": "lingor", "X": 7893.4453, "Y": 4.977921, "Z": 3062.8901, "SpawnType": 0 },
  { "MapName": "lingor", "X": 7911.5996, "Y": 4.977921, "Z": 2758.6689, "SpawnType": 0 },
  { "MapName": "lingor", "X": 7314.3188, "Y": 4.9887152, "Z": 2582.4927, "SpawnType": 0 },
  { "MapName": "lingor", "X": 6752.439, "Y": 5.8224092, "Z": 2805.8923, "SpawnType": 0 },
  { "MapName": "lingor", "X": 6722.4844, "Y": 5.8224092, "Z": 2922.1318, "SpawnType": 0 },
  { "MapName": "lingor", "X": 6694.3452, "Y": 8.0049152, "Z": 3196.3867, "SpawnType": 0 },
  { "MapName": "lingor", "X": 6696.1602, "Y": 8.0049152, "Z": 3381.6443, "SpawnType": 0 },
  { "MapName": "lingor", "X": 6634.4355, "Y": 10.734455, "Z": 3483.3545, "SpawnType": 0 },
  { "MapName": "lingor", "X": 5589.1162, "Y": 11.858309, "Z": 3151.6411, "SpawnType": 0 },
  { "MapName": "lingor", "X": 5803.2666, "Y": 16.154062, "Z": 3112.9805, "SpawnType": 0 },
  { "MapName": "lingor", "X": 5480.4316, "Y": 3.2942884, "Z": 3135.5327, "SpawnType": 0 },
  { "MapName": "lingor", "X": 2379.2991, "Y": 56.990025, "Z": 4163.4131, "SpawnType": 0 },
  { "MapName": "lingor", "X": 838.5437, "Y": 11.287129, "Z": 4963.7236, "SpawnType": 0 },
  { "MapName": "lingor", "X": 609.33728, "Y": 30.072466, "Z": 4662.9795, "SpawnType": 0 },
  { "MapName": "lingor", "X": 1104.8801, "Y": 4.9124136, "Z": 5003.0132, "SpawnType": 0 },
  { "MapName": "lingor", "X": 832.11737, "Y": 41.221851, "Z": 5559.4976, "SpawnType": 0 },
  { "MapName": "lingor", "X": 725.72559, "Y": 39.225452, "Z": 5673.0801, "SpawnType": 0 },
  { "MapName": "lingor", "X": 578.63354, "Y": 18.563097, "Z": 5259.4678, "SpawnType": 0 },
  { "MapName": "lingor", "X": 1249.1161, "Y": 25.626009, "Z": 5573.7852, "SpawnType": 0 },
  { "MapName": "lingor", "X": 1205.5598, "Y": 44.053711, "Z": 5783.0918, "SpawnType": 0 },
  { "MapName": "lingor", "X": 2887.2581, "Y": 13.005004, "Z": 7104.5146, "SpawnType": 0 },
  { "MapName": "lingor", "X": 8374.8398, "Y": 6.076189, "Z": 8904.9902, "SpawnType": 0 },
  { "MapName": "lingor", "X": 4949.8018, "Y": 82.317451, "Z": 1793.6707, "SpawnType": 2 },
  { "MapName": "lingor", "X": 5641.8076, "Y": 80.589584, "Z": 1101.3556, "SpawnType": 2 },
  { "MapName": "lingor", "X": 5424.8906, "Y": 70.005959, "Z": 2627.1118, "SpawnType": 2 },
  { "MapName": "lingor", "X": 6953.96, "Y": 93.141731, "Z": 1575.3253, "SpawnType": 2 },
  { "MapName": "lingor", "X": 6500.1636, "Y": 60.119816, "Z": 1810.979, "SpawnType": 2 },
  { "MapName": "lingor", "X": 6880.6499, "Y": 92.421814, "Z": 3150.0811, "SpawnType": 2 },
  { "MapName": "lingor", "X": 6202.6172, "Y": 77.41523, "Z": 3478.3076, "SpawnType": 2 },
  { "MapName": "lingor", "X": 5294.9287, "Y": 61.047836, "Z": 3713.5364, "SpawnType": 2 },
  { "MapName": "lingor", "X": 4775.4688, "Y": 63.988976, "Z": 3366.1633, "SpawnType": 2 },
  { "MapName": "lingor", "X": 3783.0259, "Y": 92.882935, "Z": 3223.9326, "SpawnType": 2 },
  { "MapName": "lingor", "X": 3320.9792, "Y": 152.4639, "Z": 3122.729, "SpawnType": 2 },
  { "MapName": "lingor", "X": 3802.1636, "Y": 163.19337, "Z": 3891.3262, "SpawnType": 2 },
  { "MapName": "lingor", "X": 3438.5415, "Y": 258.64941, "Z": 3680.7141, "SpawnType": 2 },
  { "MapName": "lingor", "X": 2763.2432, "Y": 100.25035, "Z": 3100.8472, "SpawnType": 2 },
  { "MapName": "lingor", "X": 1221.1886, "Y": 41.698708, "Z": 2214.2114, "SpawnType": 2 },
  { "MapName": "lingor", "X": 1566.3068, "Y": 62.680767, "Z": 2442.7002, "SpawnType": 2 },
  { "MapName": "lingor", "X": 1226.264, "Y": 60.79668, "Z": 545.39673, "SpawnType": 2 },
  { "MapName": "lingor", "X": 2787.7544, "Y": 127.01138, "Z": 1621.8329, "SpawnType": 2 },
  { "MapName": "lingor", "X": 2215.9419, "Y": 120.72297, "Z": 3840.7117, "SpawnType": 2 },
  { "MapName": "lingor", "X": 1480.028, "Y": 101.71666, "Z": 5934.3457, "SpawnType": 2 },
  { "MapName": "lingor", "X": 1869.1318, "Y": 107.77822, "Z": 5607.6914, "SpawnType": 2 },
  { "MapName": "lingor", "X": 1838.6802, "Y": 70.69413, "Z": 6018.9707, "SpawnType": 2 },
  { "MapName": "lingor", "X": 3836.6433, "Y": 143.80208, "Z": 6900.7686, "SpawnType": 2 },
  { "MapName": "lingor", "X": 6458.8643, "Y": 68.1082, "Z": 5250.5737, "SpawnType": 2 },
  { "MapName": "lingor", "X": 4212.1987, "Y": 23.660297, "Z": 1729.4672, "SpawnType": 3 },
  { "MapName": "lingor", "X": 6008.4448, "Y": 12.189458, "Z": 6933.2788, "SpawnType": 3 },
  { "MapName": "lingor", "X": 2963.5044, "Y": 14.089987, "Z": 7129.0015, "SpawnType": 3 }
]