﻿[
   {
      "ArmaName":"USMC_Soldier_SL",
      "AnvilName":"USMC_Soldier_SL",
      "Side":"WEST",
      "Rank":"LIEUTENANT",
      "Skill":"0.59999996",
      "Position":"0,5,0",
      "Player":"PLAY CDG",
      "Addons":[

      ]
   },
   {
      "ArmaName":"USMC_Soldier_TL",
      "AnvilName":"USMC_Soldier_TL",
      "Side":"WEST",
      "Rank":"SERGEANT",
      "Skill":"0.5",
      "Position":"3,0,0",
      "Player":"PLAY CDG",
      "Addons":[

      ]
   },
   {
      "ArmaName":"USMC_Soldier_AR",
      "AnvilName":"USMC_Soldier_AR",
      "Side":"WEST",
      "Rank":"CORPORAL",
      "Skill":"0.5",
      "Position":"5,0,0",
      "Player":"PLAY CDG",
      "Addons":[

      ]
   },
   {
      "ArmaName":"USMC_Soldier_LAT",
      "AnvilName":"USMC_Soldier_LAT",
      "Side":"WEST",
      "Rank":"CORPORAL",
      "Skill":"0.5",
      "Position":"7,0,0",
      "Player":"PLAY CDG",
      "Addons":[

      ]
   },
   {
      "ArmaName":"USMC_Soldier",
      "AnvilName":"USMC_Soldier",
      "Side":"WEST",
      "Rank":"PRIVATE",
      "Skill":"0.5",
      "Position":"7,0,0",
      "Player":"PLAY CDG",
      "Addons":[

      ]
   },
   {
      "ArmaName":"USMC_Soldier_MG",
      "AnvilName":"USMC_Soldier_MG",
      "Side":"WEST",
      "Rank":"CORPORAL",
      "Skill":"0.5",
      "Position":"3,0,0",
      "Player":"PLAY CDG",
      "Addons":[

      ]
   },
   {
      "ArmaName":"USMC_Soldier_AT",
      "AnvilName":"USMC_Soldier_AT",
      "Side":"WEST",
      "Rank":"CORPORAL",
      "Skill":"0.5",
      "Position":"5,0,0",
      "Player":"PLAY CDG",
      "Addons":[

      ]
   },
   {
      "ArmaName":"USMC_Soldier_Medic",
      "AnvilName":"USMC_Soldier_Medic",
      "Side":"WEST",
      "Rank":"CORPORAL",
      "Skill":"0.5",
      "Position":"7,0,0",
      "Player":"PLAY CDG",
      "Addons":[

      ]
   },
   {
      "ArmaName":"USMC_Soldier_HAT",
      "AnvilName":"USMC_Soldier_HAT",
      "Side":"WEST",
      "Rank":"SERGEANT",
      "Skill":"0.5",
      "Position":"7,0,0",
      "Player":"PLAY CDG",
      "Addons":[

      ]
   },
   {
      "ArmaName":"USMC_SoldierS_Sniper",
      "AnvilName":"USMC_SoldierS_Sniper",
      "Side":"WEST",
      "Rank":"SERGEANT",
      "Skill":"0.5",
      "Position":"0,5,0",
      "Player":"PLAY CDG",
      "Addons":[

      ]
   },
   {
      "ArmaName":"USMC_SoldierS_Spotter",
      "AnvilName":"USMC_SoldierS_Spotter",
      "Side":"WEST",
      "Rank":"SERGEANT",
      "Skill":"0.5",
      "Position":"3,0,0",
      "Player":"PLAY CDG",
      "Addons":[

      ]
   },
   {
      "ArmaName":"FR_TL",
      "AnvilName":"FR_TL",
      "Side":"WEST",
      "Rank":"LIEUTENANT",
      "Skill":"0.5",
      "Position":"0,5,0",
      "Player":"PLAY CDG",
      "Addons":[

      ]
   },
   {
      "ArmaName":"FR_AR",
      "AnvilName":"FR_AR",
      "Side":"WEST",
      "Rank":"SERGEANT",
      "Skill":"0.5",
      "Position":"3,0,0",
      "Player":"PLAY CDG",
      "Addons":[

      ]
   },
   {
      "ArmaName":"FR_GL",
      "AnvilName":"FR_GL",
      "Side":"WEST",
      "Rank":"SERGEANT",
      "Skill":"0.5",
      "Position":"5,0,0",
      "Player":"PLAY CDG",
      "Addons":[

      ]
   },
   {
      "ArmaName":"FR_Marksman",
      "AnvilName":"FR_Marksman",
      "Side":"WEST",
      "Rank":"SERGEANT",
      "Skill":"0.5",
      "Position":"7,0,0",
      "Player":"PLAY CDG",
      "Addons":[

      ]
   },
   {
      "ArmaName":"FR_R",
      "AnvilName":"FR_R",
      "Side":"WEST",
      "Rank":"SERGEANT",
      "Skill":"0.5",
      "Position":"9,0,0",
      "Player":"PLAY CDG",
      "Addons":[

      ]
   },
   {
      "ArmaName":"FR_Corpsman",
      "AnvilName":"FR_Corpsman",
      "Side":"WEST",
      "Rank":"SERGEANT",
      "Skill":"0.5",
      "Position":"11,0,0",
      "Player":"PLAY CDG",
      "Addons":[

      ]
   },
   {
      "ArmaName":"HMMWV_TOW",
      "AnvilName":"HMMWV_TOW",
      "Side":"WEST",
      "Rank":"SERGEANT",
      "Skill":"0.5",
      "Position":"-5,0,0",
      "Player":"PLAY CDG",
      "Addons":[
         "CAWheeled"
      ]
   },
   {
      "ArmaName":"HMMWV_M2",
      "AnvilName":"HMMWV_M2",
      "Side":"WEST",
      "Rank":"SERGEANT",
      "Skill":"0.5",
      "Position":"-5,0,0",
      "Player":"PLAY CDG",
      "Addons":[
         "CAWheeled"
      ]
   },
   {
      "ArmaName":"HMMWV_MK19",
      "AnvilName":"HMMWV_MK19",
      "Side":"WEST",
      "Rank":"SERGEANT",
      "Skill":"0.5",
      "Position":"-5,0,0",
      "Player":"PLAY CDG",
      "Addons":[
         "CAWheeled"
      ]
   },
   {
      "ArmaName":"M1A2_TUSK_MG",
      "AnvilName":"M1A2_TUSK_MG",
      "Side":"WEST",
      "Rank":"CAPTAIN",
      "Skill":"0.5",
      "Position":"0,10,0",
      "Player":"PLAY CDG",
      "Addons":[
         "CATracked"
      ]
   },
   {
      "ArmaName":"AH1Z",
      "AnvilName":"AH1Z",
      "Side":"WEST",
      "Rank":"CAPTAIN",
      "Skill":"0.5",
      "Position":"0,10,0",
      "Player":"PLAY CDG",
      "Addons":[
         "CAAir"
      ]
   },
   {
      "ArmaName":"UH1Y",
      "AnvilName":"UH1Y",
      "Side":"WEST",
      "Rank":"CAPTAIN",
      "Skill":"0.5",
      "Position":"0,10,0",
      "Player":"PLAY CDG",
      "Addons":[
         "CAAir2_UH1Y"
      ]
   },
   {
      "ArmaName":"MV22",
      "AnvilName":"MV22",
      "Side":"WEST",
      "Rank":"CAPTAIN",
      "Skill":"0.5",
      "Position":"0,10,0",
      "Player":"PLAY CDG",
      "Addons":[
         "CAAir2_MV22"
      ]
   },
   {
      "ArmaName":"MQ9PredatorB",
      "AnvilName":"MQ9PredatorB",
      "Side":"WEST",
      "Rank":"CAPTAIN",
      "Skill":"0.5",
      "Position":"0,10,0",
      "Player":"PLAY CDG",
      "Addons":[
         "CAAir2_MQ9PredatorB"
      ]
   },
   {
      "ArmaName":"F35B",
      "AnvilName":"F35B",
      "Side":"WEST",
      "Rank":"CAPTAIN",
      "Skill":"0.5",
      "Position":"0,10,0",
      "Player":"PLAY CDG",
      "Addons":[
         "CAAir2_F35B"
      ]
   },
   {
      "ArmaName":"AV8B",
      "AnvilName":"AV8B",
      "Side":"WEST",
      "Rank":"CAPTAIN",
      "Skill":"0.5",
      "Position":"0,10,0",
      "Player":"PLAY CDG",
      "Addons":[
         "CAAir"
      ]
   },
   {
      "ArmaName":"AV8B2",
      "AnvilName":"AV8B2",
      "Side":"WEST",
      "Rank":"CAPTAIN",
      "Skill":"0.5",
      "Position":"0,10,0",
      "Player":"PLAY CDG",
      "Addons":[
         "CAAir"
      ]
   },
   {
      "Side":"EAST",
      "ArmaName":"RU_Soldier_SL",
      "AnvilName":"RU_Soldier_SL",
      "Player":"NON PLAYABLE",
      "Skill":0.5999996,
      "Rank":"LIEUTENANT",
      "Addons":[

      ],
      "Position":"0,5,0"
   },
   {
      "Side":"EAST",
      "ArmaName":"RU_Soldier_MG",
      "AnvilName":"RU_Soldier_MG",
      "Player":"NON PLAYABLE",
      "Skill":0.5,
      "Rank":"SERGEANT",
      "Addons":[

      ],
      "Position":"0,0,0"
   },
   {
      "Side":"EAST",
      "ArmaName":"RU_Soldier_AT",
      "AnvilName":"RU_Soldier_AT",
      "Player":"NON PLAYABLE",
      "Skill":0.5,
      "Rank":"SERGEANT",
      "Addons":[

      ],
      "Position":"0,0,0"
   },
   {
      "Side":"EAST",
      "ArmaName":"RU_Soldier_LAT",
      "AnvilName":"RU_Soldier_LAT",
      "Player":"NON PLAYABLE",
      "Skill":0.5,
      "Rank":"CORPORAL",
      "Addons":[

      ],
      "Position":"0,0,0"
   },
   {
      "Side":"EAST",
      "ArmaName":"RU_Soldier_GL",
      "AnvilName":"RU_Soldier_GL",
      "Player":"NON PLAYABLE",
      "Skill":0.5,
      "Rank":"CORPORAL",
      "Addons":[

      ],
      "Position":"0,0,0"
   },
   {
      "Side":"EAST",
      "ArmaName":"RU_Soldier_Marksman",
      "AnvilName":"RU_Soldier_Marksman",
      "Player":"NON PLAYABLE",
      "Skill":0.5,
      "Rank":"CORPORAL",
      "Addons":[

      ],
      "Position":"0,0,0"
   },
   {
      "Side":"EAST",
      "ArmaName":"RU_Soldier_AR",
      "AnvilName":"RU_Soldier_AR",
      "Player":"NON PLAYABLE",
      "Skill":0.5,
      "Rank":"PRIVATE",
      "Addons":[

      ],
      "Position":"0,0,0"
   },
   {
      "Side":"EAST",
      "ArmaName":"RU_Soldier",
      "AnvilName":"RU_Soldier",
      "Player":"NON PLAYABLE",
      "Skill":0.5,
      "Rank":"PRIVATE",
      "Addons":[

      ],
      "Position":"0,0,0"
   },
   {
      "Side":"EAST",
      "ArmaName":"RU_Soldier_TL",
      "AnvilName":"RU_Soldier_TL",
      "Player":"NON PLAYABLE",
      "Skill":0.5,
      "Rank":"SERGEANT",
      "Addons":[

      ],
      "Position":"0,0,0"
   },
   {
      "Side":"EAST",
      "ArmaName":"RU_Soldier_HAT",
      "AnvilName":"RU_Soldier_HAT",
      "Player":"NON PLAYABLE",
      "Skill":0.5,
      "Rank":"SERGEANT",
      "Addons":[

      ],
      "Position":"0,0,0"
   },
   {
      "Side":"EAST",
      "ArmaName":"RU_Soldier_AA",
      "AnvilName":"RU_Soldier_AA",
      "Player":"NON PLAYABLE",
      "Skill":0.5,
      "Rank":"CORPORAL",
      "Addons":[

      ],
      "Position":"0,0,0"
   },
   {
      "Side":"EAST",
      "ArmaName":"RU_Soldier_Sniper",
      "AnvilName":"RU_Soldier_Sniper",
      "Player":"NON PLAYABLE",
      "Skill":0.5,
      "Rank":"SERGEANT",
      "Addons":[

      ],
      "Position":"0,0,0"
   },
   {
      "Side":"EAST",
      "ArmaName":"RU_Soldier_Spotter",
      "AnvilName":"RU_Soldier_Spotter",
      "Player":"NON PLAYABLE",
      "Skill":0.5,
      "Rank":"SERGEANT",
      "Addons":[

      ],
      "Position":"0,0,0"
   },
   {
      "Side":"EAST",
      "ArmaName":"RUS_Soldier_TL",
      "AnvilName":"RUS_Soldier_TL",
      "Player":"NON PLAYABLE",
      "Skill":0.566669,
      "Rank":"LIEUTENANT",
      "Addons":[

      ],
      "Position":"0,0,0"
   },
   {
      "Side":"EAST",
      "ArmaName":"RUS_Soldier_GL",
      "AnvilName":"RUS_Soldier_GL",
      "Player":"NON PLAYABLE",
      "Skill":0.5,
      "Rank":"SERGEANT",
      "Addons":[

      ],
      "Position":"0,0,0"
   },
   {
      "Side":"EAST",
      "ArmaName":"RUS_Soldier_Marksman",
      "AnvilName":"RUS_Soldier_Marksman",
      "Player":"NON PLAYABLE",
      "Skill":0.5,
      "Rank":"SERGEANT",
      "Addons":[

      ],
      "Position":"0,0,0"
   },
   {
      "Side":"EAST",
      "ArmaName":"RUS_Soldier3",
      "AnvilName":"RUS_Soldier3",
      "Player":"NON PLAYABLE",
      "Skill":0.5,
      "Rank":"SERGEANT",
      "Addons":[

      ],
      "Position":"0,0,0"
   },
   {
      "Side":"EAST",
      "ArmaName":"RUS_Soldier1",
      "AnvilName":"RUS_Soldier1",
      "Player":"NON PLAYABLE",
      "Skill":0.5,
      "Rank":"CORPORAL",
      "Addons":[

      ],
      "Position":"0,0,0"
   },
   {
      "Side":"EAST",
      "ArmaName":"RUS_Soldier2",
      "AnvilName":"RUS_Soldier2",
      "Player":"NON PLAYABLE",
      "Skill":0.5,
      "Rank":"CORPORAL",
      "Addons":[

      ],
      "Position":"0,0,0"
   },
   {
      "Side":"EAST",
      "ArmaName":"MVD_Soldier_TL",
      "AnvilName":"MVD_Soldier_TL",
      "Player":"NON PLAYABLE",
      "Skill":0.5,
      "Rank":"LIEUTENANT",
      "Addons":[

      ],
      "Position":"0,0,0"
   },
   {
      "Side":"EAST",
      "ArmaName":"MVD_Soldier_MG",
      "AnvilName":"MVD_Soldier_MG",
      "Player":"NON PLAYABLE",
      "Skill":0.5,
      "Rank":"SERGEANT",
      "Addons":[

      ],
      "Position":"0,0,0"
   },
   {
      "Side":"EAST",
      "ArmaName":"MVD_Soldier_AT",
      "AnvilName":"MVD_Soldier_AT",
      "Player":"NON PLAYABLE",
      "Skill":0.5,
      "Rank":"SERGEANT",
      "Addons":[

      ],
      "Position":"0,0,0"
   },
   {
      "Side":"EAST",
      "ArmaName":"MVD_Soldier_GL",
      "AnvilName":"MVD_Soldier_GL",
      "Player":"NON PLAYABLE",
      "Skill":0.5,
      "Rank":"SERGEANT",
      "Addons":[

      ],
      "Position":"0,0,0"
   },
   {
      "Side":"EAST",
      "ArmaName":"MVD_Soldier_Sniper",
      "AnvilName":"MVD_Soldier_Sniper",
      "Player":"NON PLAYABLE",
      "Skill":0.5,
      "Rank":"CORPORAL",
      "Addons":[

      ],
      "Position":"0,0,0"
   },
   {
      "Side":"EAST",
      "ArmaName":"MVD_Soldier_Marksman",
      "AnvilName":"MVD_Soldier_Marksman",
      "Player":"NON PLAYABLE",
      "Skill":0.5,
      "Rank":"CORPORAL",
      "Addons":[

      ],
      "Position":"0,0,0"
   },
   {
      "Side":"EAST",
      "ArmaName":"KAMAZ",
      "AnvilName":"KAMAZ",
      "Player":"NON PLAYABLE",
      "Skill":0.5,
      "Rank":"SERGEANT",
      "Addons":["CAWheeled2_Kamaz"],
      "Position":"0,0,0"
   },
   {
      "Side":"EAST",
      "ArmaName":"GAZ_Vodnik_HMG",
      "AnvilName":"GAZ_Vodnik_HMG",
      "Player":"NON PLAYABLE",
      "Skill":0.5,
      "Rank":"CORPORAL",
      "Addons":["CAWheeled2_GAZ39371"],
      "Position":"0,0,0"
   },
   {
      "Side":"EAST",
      "ArmaName":"GAZ_Vodnik",
      "AnvilName":"GAZ_Vodnik",
      "Player":"NON PLAYABLE",
      "Skill":0.5,
      "Rank":"CORPORAL",
      "Addons":["CAWheeled2_GAZ39371"],
      "Position":"0,0,0"
   },
   {
      "Side":"EAST",
      "ArmaName":"BMP3",
      "AnvilName":"BMP3",
      "Player":"NON PLAYABLE",
      "Skill":0.5,
      "Rank":"SERGEANT",
      "Addons":["CATracked2_BMP3"],
      "Position":"0,0,0"
   },
   {
      "Side":"EAST",
      "ArmaName":"BTR90",
      "AnvilName":"BTR90",
      "Player":"NON PLAYABLE",
      "Skill":0.5,
      "Rank":"SERGEANT",
      "Addons":["CAWheeled2_BTR90"],
      "Position":"0,0,0"
   },
   {
      "Side":"EAST",
      "ArmaName":"ACE_BTR70_RU",
      "AnvilName":"ACE_BTR70_RU",
      "Player":"NON PLAYABLE",
      "Skill":0.5,
      "Rank":"SERGEANT",
      "Addons":["acex_ru_veh_btr70"],
      "Position":"0,0,0"
   },
   {
      "Side":"EAST",
      "ArmaName":"T90",
      "AnvilName":"T90",
      "Player":"NON PLAYABLE",
      "Skill":0.5,
      "Rank":"CAPTAIN",
      "Addons":["CATracked2_T90"],
      "Position":"0,0,0"
   },
   {
      "Side":"EAST",
      "ArmaName":"ACE_T90A",
      "AnvilName":"ACE_T90A",
      "Player":"NON PLAYABLE",
      "Skill":0.5,
      "Rank":"SERGEANT",
      "Addons":["ace_c_vehicle"],
      "Position":"0,0,0"
   },
   {
      "Side":"EAST",
      "ArmaName":"ACE_T72BA_Base",
      "AnvilName":"ACE_T72BA_Base",
      "Player":"NON PLAYABLE",
      "Skill":0.5,
      "Rank":"CAPTAIN",
      "Addons":["acex_veh_t72"],
      "Position":"0,0,0"
   },
   {
      "Side":"EAST",
      "ArmaName":"ACE_T72B_Base",
      "AnvilName":"ACE_T72B_Base",
      "Player":"NON PLAYABLE",
      "Skill":0.5,
      "Rank":"CAPTAIN",
      "Addons":["acex_veh_t72"],
      "Position":"0,0,0"
   },
   {
      "Side":"EAST",
      "ArmaName":"Mi24_V",
      "AnvilName":"Mi24_V",
      "Player":"NON PLAYABLE",
      "Skill":0.5,
      "Rank":"CAPTAIN",
      "Addons":["CAAir2"],
      "Position":"0,0,0"
   },
   {
      "Side":"EAST",
      "ArmaName":"Mi24_P",
      "AnvilName":"Mi24_P",
      "Player":"NON PLAYABLE",
      "Skill":0.5,
      "Rank":"CAPTAIN",
      "Addons":["CAAir2"],
      "Position":"0,0,0"
   },
   {
      "Side":"EAST",
      "ArmaName":"Pchela1",
      "AnvilName":"Pchela1",
      "Player":"NON PLAYABLE",
      "Skill":0.5,
      "Rank":"CAPTAIN",
      "Addons":["CAAir2_Pchela1T"],
      "Position":"0,0,0"
   },
   {
      "Side":"EAST",
      "ArmaName":"Ka52",
      "AnvilName":"Ka52",
      "Player":"NON PLAYABLE",
      "Skill":0.5,
      "Rank":"CAPTAIN",
      "Addons":["Arma2_Ka52"],
      "Position":"0,0,0"
   },
   {
      "Side":"EAST",
      "ArmaName":"Mi17_rockets_RU",
      "AnvilName":"Mi17_rockets_RU",
      "Player":"NON PLAYABLE",
      "Skill":0.5,
      "Rank":"CAPTAIN",
      "Addons":["caair"],
      "Position":"0,0,0"
   },
   {
      "Side":"EAST",
      "ArmaName":"Su34",
      "AnvilName":"Su34",
      "Player":"NON PLAYABLE",
      "Skill":0.5,
      "Rank":"CAPTAIN",
      "Addons":["CAAir3_Su34"],
      "Position":"0,0,0"
   },
   {
      "Side":"EAST",
      "ArmaName":"ACE_SoldierE_HMG",
      "AnvilName":"ACE_SoldierE_HMG",
      "Player":"NON PLAYABLE",
      "Skill":0.5,
      "Rank":"SERGEANT",
      "Addons":["acex_ru_c_men"],
      "Position":"0,0,0"
   },
   {
      "Side":"EAST",
      "ArmaName":"ACE_SoldierE_HMGAG",
      "AnvilName":"ACE_SoldierE_HMGAG",
      "Player":"NON PLAYABLE",
      "Skill":0.5,
      "Rank":"CORPORAL",
      "Addons":["acex_ru_c_men"],
      "Position":"0,0,0"
   },
   {
      "Side":"EAST",
      "ArmaName":"ACE_SoldierE_HMGAB",
      "AnvilName":"ACE_SoldierE_HMGAB",
      "Player":"NON PLAYABLE",
      "Skill":0.5,
      "Rank":"PRIVATE",
      "Addons":["acex_ru_c_men"],
      "Position":"0,0,0"
   },
   {
      "Side":"EAST",
      "ArmaName":"ACE_SoldierE_AGS",
      "AnvilName":"ACE_SoldierE_AGS",
      "Player":"NON PLAYABLE",
      "Skill":0.5,
      "Rank":"SERGEANT",
      "Addons":["acex_ru_c_men"],
      "Position":"0,0,0"
   },
   {
      "Side":"EAST",
      "ArmaName":"ACE_SoldierE_AGSAG",
      "AnvilName":"ACE_SoldierE_AGSAG",
      "Player":"NON PLAYABLE",
      "Skill":0.5,
      "Rank":"CORPORAL",
      "Addons":["acex_ru_c_men"],
      "Position":"0,0,0"
   },
   {
      "Side":"EAST",
      "ArmaName":"ACE_SoldierE_AGSAB",
      "AnvilName":"ACE_SoldierE_AGSAB",
      "Player":"NON PLAYABLE",
      "Skill":0.5,
      "Rank":"PRIVATE",
      "Addons":["acex_ru_c_men"],
      "Position":"0,0,0"
   },
   {
      "Side":"EAST",
      "ArmaName":"ACE_SoldierE_KonkursG",
      "AnvilName":"ACE_SoldierE_KonkursG",
      "Player":"NON PLAYABLE",
      "Skill":0.5,
      "Rank":"SERGEANT",
      "Addons":[

      ],
      "Position":"0,0,0"
   },
   {
      "Side":"EAST",
      "ArmaName":"ACE_SoldierE_KonkursAG",
      "AnvilName":"ACE_SoldierE_KonkursAG",
      "Player":"NON PLAYABLE",
      "Skill":0.5,
      "Rank":"CORPORAL",
      "Addons":["acex_ru_c_men"],
      "Position":"0,0,0"
   },
     {
    "Side": "EAST",
    "ArmaName": "INS_Soldier_CO",
    "AnvilName": "INS_Soldier_CO",
    "Player": "NON PLAYABLE",
    "Skill": 0.5,
    "Rank": "SERGEANT",
    "Addons": [],
    "Position": "0,0,0"
  },
  {
    "Side": "EAST",
    "ArmaName": "INS_Soldier_AR",
    "AnvilName": "INS_Soldier_AR",
    "Player": "NON PLAYABLE",
    "Skill": 0.5,
    "Rank": "CORPORAL",
    "Addons": [],
    "Position": "0,0,0"
  },
  {
    "Side": "EAST",
    "ArmaName": "INS_Soldier_GL",
    "AnvilName": "INS_Soldier_GL",
    "Player": "NON PLAYABLE",
    "Skill": 0.5,
    "Rank": "CORPORAL",
    "Addons": [],
    "Position": "0,0,0"
  },
  {
    "Side": "EAST",
    "ArmaName": "INS_Soldier_AT",
    "AnvilName": "INS_Soldier_AT",
    "Player": "NON PLAYABLE",
    "Skill": 0.5,
    "Rank": "PRIVATE",
    "Addons": [],
    "Position": "0,0,0"
  },
  {
    "Side": "EAST",
    "ArmaName": "INS_Soldier_2",
    "AnvilName": "INS_Soldier_2",
    "Player": "NON PLAYABLE",
    "Skill": 0.5,
    "Rank": "PRIVATE",
    "Addons": [],
    "Position": "0,0,0"
  },
  {
    "Side": "EAST",
    "ArmaName": "INS_Soldier_1",
    "AnvilName": "INS_Soldier_1",
    "Player": "NON PLAYABLE",
    "Skill": 0.5,
    "Rank": "PRIVATE",
    "Addons": [],
    "Position": "0,0,0"
  },
  {
    "Side": "EAST",
    "ArmaName": "INS_Soldier_MG",
    "AnvilName": "INS_Soldier_MG",
    "Player": "NON PLAYABLE",
    "Skill": 0.5,
    "Rank": "CORPORAL",
    "Addons": [],
    "Position": "0,0,0"
  },
  {
    "Side": "EAST",
    "ArmaName": "Ins_Soldier_AA",
    "AnvilName": "Ins_Soldier_AA",
    "Player": "NON PLAYABLE",
    "Skill": 0.5,
    "Rank": "SERGEANT",
    "Addons": [],
    "Position": "0,0,0"
  },
  {
    "Side": "EAST",
    "ArmaName": "Ins_Soldier_Sniper",
    "AnvilName": "Ins_Soldier_Sniper",
    "Player": "NON PLAYABLE",
    "Skill": 0.5,
    "Rank": "SERGEANT",
    "Addons": [],
    "Position": "0,0,0"
  },
  {
    "Side": "EAST",
    "ArmaName": "Ins_Worker2",
    "AnvilName": "Ins_Worker2",
    "Player": "NON PLAYABLE",
    "Skill": 0.5,
    "Rank": "SERGEANT",
    "Addons": [],
    "Position": "0,0,0"
  },
  {
    "Side": "EAST",
    "ArmaName": "Ins_Woodlander3",
    "AnvilName": "Ins_Woodlander3",
    "Player": "NON PLAYABLE",
    "Skill": 0.5,
    "Rank": "SERGEANT",
    "Addons": [],
    "Position": "0,0,0"
  },
  {
    "Side": "EAST",
    "ArmaName": "Ins_Villager3",
    "AnvilName": "Ins_Villager3",
    "Player": "NON PLAYABLE",
    "Skill": 0.5,
    "Rank": "CORPORAL",
    "Addons": [],
    "Position": "0,0,0"
  },
  {
    "Side": "EAST",
    "ArmaName": "Ins_Woodlander2",
    "AnvilName": "Ins_Woodlander2",
    "Player": "NON PLAYABLE",
    "Skill": 0.5,
    "Rank": "PRIVATE",
    "Addons": [],
    "Position": "0,0,0"
  },
  {
    "Side": "EAST",
    "ArmaName": "Ins_Woodlander1",
    "AnvilName": "Ins_Woodlander1",
    "Player": "NON PLAYABLE",
    "Skill": 0.5,
    "Rank": "PRIVATE",
    "Addons": [],
    "Position": "0,0,0"
  },
  {
    "Side": "EAST",
    "ArmaName": "Ins_Villager4",
    "AnvilName": "Ins_Villager4",
    "Player": "NON PLAYABLE",
    "Skill": 0.5,
    "Rank": "PRIVATE",
    "Addons": [],
    "Position": "0,0,0"
  },
  {
    "Side": "EAST",
    "ArmaName": "UralOpen_INS",
    "AnvilName": "UralOpen_INS",
    "Player": "NON PLAYABLE",
    "Skill": 0.5,
    "Rank": "SERGEANT",
    "Addons": ["CAWheeled"],
    "Position": "0,0,0"
  },
  {
    "Side": "EAST",
    "ArmaName": "Offroad_DSHKM_INS",
    "AnvilName": "Offroad_DSHKM_INS",
    "Player": "NON PLAYABLE",
    "Skill": 0.5,
    "Rank": "CORPORAL",
    "Addons": ["CAWheeled_Offroad"],
    "Position": "0,0,0"
  },
  {
    "Side": "EAST",
    "ArmaName": "UAZ_SPG9_INS",
    "AnvilName": "UAZ_SPG9_INS",
    "Player": "NON PLAYABLE",
    "Skill": 0.5,
    "Rank": "CORPORAL",
    "Addons": ["CAWheeled"],
    "Position": "0,0,0"
  },
  {
    "Side": "EAST",
    "ArmaName": "Pickup_PK_INS",
    "AnvilName": "Pickup_PK_INS",
    "Player": "NON PLAYABLE",
    "Skill": 0.5,
    "Rank": "CORPORAL",
    "Addons": ["CAWheeled_Pickup"],
    "Position": "0,0,0"
  },
  {
    "Side": "EAST",
    "ArmaName": "BMP2_INS",
    "AnvilName": "BMP2_INS",
    "Player": "NON PLAYABLE",
    "Skill": 0.5,
    "Rank": "SERGEANT",
    "Addons": ["CATracked"],
    "Position": "0,0,0"
  },
  {
    "Side": "EAST",
    "ArmaName": "BRDM2_INS",
    "AnvilName": "BRDM2_INS",
    "Player": "NON PLAYABLE",
    "Skill": 0.5,
    "Rank": "SERGEANT",
    "Addons": ["CAWheeled"],
    "Position": "0,0,0"
  },
  {
    "Side": "EAST",
    "ArmaName": "BRDM2_ATGM_INS",
    "AnvilName": "BRDM2_ATGM_INS",
    "Player": "NON PLAYABLE",
    "Skill": 0.5,
    "Rank": "CORPORAL",
    "Addons": ["CAWheeled"],
    "Position": "0,0,0"
  },
  {
    "Side": "EAST",
    "ArmaName": "ACE_BTR70_INS",
    "AnvilName": "ACE_BTR70_INS",
    "Player": "NON PLAYABLE",
    "Skill": 0.5,
    "Rank": "SERGEANT",
    "Addons": ["acex_ru_veh_btr70"],
    "Position": "0,0,0"
  },
  {
    "Side": "EAST",
    "ArmaName": "T72_INS",
    "AnvilName": "T72_INS",
    "Player": "NON PLAYABLE",
    "Skill": 0.5,
    "Rank": "SERGEANT",
    "Addons": ["CATracked"],
    "Position": "0,0,0"
  },
  {
    "Side": "EAST",
    "ArmaName": "Mi17_Ins",
    "AnvilName": "Mi17_Ins",
    "Player": "NON PLAYABLE",
    "Skill": 0.5,
    "Rank": "CAPTAIN",
    "Addons": ["caair"],
    "Position": "0,0,0"
  }
]